FECHA (YYMMDD);HORA (HHMM);Registros validados;Registros preliminares;Registros no validados;
150101;0000;28,8125;;;
150102;0000;39,7291;;;
150103;0000;41,7916;;;
150104;0000;42,4375;;;
150105;0000;49,6666;;;
150106;0000;59;;;
150107;0000;53,7916;;;
150108;0000;54,4791;;;
150109;0000;56,8958;;;
150110;0000;52,7083;;;
150111;0000;46,6458;;;
150112;0000;63,6458;;;
150113;0000;70,9583;;;
150114;0000;62,5;;;
150115;0000;63,9583;;;
150116;0000;63,9791;;;
150117;0000;64,7083;;;
150118;0000;46,9166;;;
150119;0000;46,3541;;;
150120;0000;48,8541;;;
150121;0000;48,1666;;;
150122;0000;56,0208;;;
150123;0000;58,9375;;;
150124;0000;48,8333;;;
150125;0000;37,5416;;;
150126;0000;39,6875;;;
150127;0000;46,875;;;
150128;0000;50,4166;;;
150129;0000;65,9583;;;
150130;0000;65,1666;;;
150131;0000;54,1875;;;
150201;0000;43,7291;;;
150202;0000;49,375;;;
150203;0000;60,6666;;;
150204;0000;60,3541;;;
150205;0000;65,1041;;;
150206;0000;59,0625;;;
150207;0000;42,7708;;;
150208;0000;27,0625;;;
150209;0000;49,6041;;;
150210;0000;53,2083;;;
150211;0000;56,5833;;;
150212;0000;49,3125;;;
150213;0000;54,1086;;;
150214;0000;63,75;;;
150215;0000;56,7708;;;
150216;0000;67,0833;;;
150217;0000;68,8333;;;
150218;0000;69,8958;;;
150219;0000;79,375;;;
150220;0000;77,0625;;;
150221;0000;43,4166;;;
150222;0000;34,875;;;
150223;0000;43,25;;;
150224;0000;47,2916;;;
150225;0000;50,9791;;;
150226;0000;48,6875;;;
150227;0000;41,625;;;
150228;0000;29,3182;;;
150301;0000;26,1956;;;
150302;0000;36,5652;;;
150303;0000;33,7222;;;
150304;0000;52,4166;;;
150305;0000;58,9583;;;
150306;0000;65,6521;;;
150307;0000;53,0625;;;
150308;0000;37,7708;;;
150309;0000;53,5652;;;
150310;0000;66,3333;;;
150311;0000;87,875;;;
150312;0000;86,7083;;;
150313;0000;84,9166;;;
150314;0000;61,6666;;;
150315;0000;48,5;;;
150316;0000;96,0833;;;
150317;0000;92,0208;;;
150318;0000;82,3541;;;
150319;0000;76,8958;;;
150320;0000;81,6666;;;
150321;0000;57,0833;;;
150322;0000;43,9583;;;
150323;0000;67,1458;;;
150324;0000;36,5;;;
150325;0000;40,0833;;;
150326;0000;20,8542;;;
150327;0000;45,8333;;;
150328;0000;39,1458;;;
150329;0000;39,1458;;;
150330;0000;59,8333;;;
150331;0000;59,5208;;;
150401;0000;63,5;;;
150402;0000;63,2291;;;
150403;0000;40,7708;;;
150404;0000;33,6041;;;
150405;0000;30,4583;;;
150406;0000;62,1666;;;
150407;0000;45,9791;;;
150408;0000;56,4791;;;
150409;0000;;62,3055;;
150410;0000;79,9583;;;
150411;0000;67,75;;;
150412;0000;58,8541;;;
150413;0000;85,4166;;;
150414;0000;76,1458;;;
150415;0000;60,5;;;
150416;0000;56,6458;;;
150417;0000;86,875;;;
150418;0000;84,3125;;;
150419;0000;53,3333;;;
150420;0000;103,042;;;
150421;0000;94,0208;;;
150422;0000;75,1458;;;
150423;0000;77,2291;;;
150424;0000;96,2708;;;
150425;0000;87,7291;;;
150426;0000;94,1458;;;
150427;0000;106,146;;;
150428;0000;101,333;;;
150429;0000;91,6666;;;
150430;0000;92,6666;;;
150501;0000;70,7291;;;
150502;0000;40,8958;;;
150503;0000;33,175;;;
150504;0000;74,5476;;;
150505;0000;74,7083;;;
150506;0000;75,9166;;;
150507;0000;88,2708;;;
150508;0000;82,4375;;;
150509;0000;72,5625;;;
150510;0000;46,5416;;;
150511;0000;95,9781;;;
150512;0000;93,2291;;;
150513;0000;94,625;;;
150514;0000;103,816;;;
150515;0000;94,0416;;;
150516;0000;80,5;;;
150517;0000;71,2291;;;
150518;0000;74,375;;;
150519;0000;61,625;;;
150520;0000;63,0625;;;
150521;0000;63,4791;;;
150522;0000;65,7708;;;
150523;0000;56,4375;;;
150524;0000;60,625;;;
150525;0000;102,667;;;
150526;0000;107,333;;;
150527;0000;110,104;;;
150528;0000;110,771;;;
150529;0000;58,7708;;;
150530;0000;46,6875;;;
150531;0000;53,2708;;;
150601;0000;89,2954;;;
150602;0000;84,6428;;;
150603;0000;89,5208;;;
150604;0000;86,0833;;;
150605;0000;67,1041;;;
150606;0000;33,875;;;
150607;0000;40,6591;;;
150608;0000;62,5208;;;
150609;0000;74,4791;;;
150610;0000;50,0833;;;
150611;0000;70,5208;;;
150612;0000;71,4583;;;
150613;0000;46,413;;;
150614;0000;37,3636;;;
150615;0000;65,8541;;;
150616;0000;85,8541;;;
150617;0000;89,9583;;;
150618;0000;70,2916;;;
150619;0000;70,9166;;;
150620;0000;73,7708;;;
150621;0000;62,1875;;;
150622;0000;61,2708;;;
150623;0000;95,3541;;;
150624;0000;101,109;;;
150625;0000;77,3333;;;
150626;0000;90,375;;;
150627;0000;66,25;;;
150628;0000;57,1666;;;
150629;0000;50,326;;;
150630;0000;94,9166;;;
150701;0000;108,812;;;
150702;0000;104,354;;;
150703;0000;64,4166;;;
150704;0000;56,2391;;;
150705;0000;47,875;;;
150706;0000;58,4047;;;
150707;0000;53,6041;;;
150708;0000;84;;;
150709;0000;81,875;;;
150710;0000;73,7916;;;
150711;0000;42,6739;;;
150712;0000;;;;
150713;0000;27,1458;;;
150714;0000;43,5625;;;
150715;0000;78,2708;;;
150716;0000;47,5208;;;
150717;0000;57,3125;;;
150718;0000;45,9348;;;
150719;0000;37,3;;;
150720;0000;45,7291;;;
150721;0000;64,2291;;;
150722;0000;72,625;;;
150723;0000;59,7083;;;
150724;0000;52,6458;;;
150725;0000;55,2083;;;
150726;0000;40,2708;;;
150727;0000;54,8541;;;
150728;0000;64,125;;;
150729;0000;61,7916;;;
150730;0000;41,5;;;
150731;0000;49,8333;;;
150801;0000;62,5416;;;
150802;0000;47,5208;;;
150803;0000;68,3695;;;
150804;0000;41,5;;;
150805;0000;23,1042;;;
150806;0000;10,2083;;;
150807;0000;24,7083;;;
150808;0000;17,9583;;;
150809;0000;13,8125;;;
150810;0000;20,6875;;;
150811;0000;50,3541;;;
150812;0000;28,1458;;;
150813;0000;41,7291;;;
150814;0000;45,7708;;;
150815;0000;53,7916;;;
150816;0000;38,4166;;;
150817;0000;49,1739;;;
150818;0000;66,3333;;;
150819;0000;59,8958;;;
150820;0000;55,7291;;;
150821;0000;47,0208;;;
150822;0000;21,6042;;;
150823;0000;43,75;;;
150824;0000;56,8095;;;
150825;0000;41,3809;;;
150826;0000;43,3125;;;
150827;0000;72,2291;;;
150828;0000;54,4166;;;
150829;0000;43,0833;;;
150830;0000;33,25;;;
150831;0000;49,7708;;;
150901;0000;53,7083;;;
150902;0000;51,5;;;
150903;0000;65,5833;;;
150904;0000;65,9583;;;
150905;0000;57,4166;;;
150906;0000;17,3125;;;
150907;0000;;;;
150908;0000;;;;
150909;0000;39,2708;;;
150910;0000;44,9166;;;
150911;0000;40,2916;;;
150912;0000;33,3333;;;
150913;0000;26,4375;;;
150914;0000;56,0416;;;
150915;0000;64,5;;;
150916;0000;40,2708;;;
150917;0000;32,2291;;;
150918;0000;23,8182;;;
150919;0000;39,5625;;;
150920;0000;49,9583;;;
150921;0000;;;;
150922;0000;31,9;;;
150923;0000;30,8125;;;
150924;0000;10,0417;;;
150925;0000;30,1667;;;
150926;0000;42,6041;;;
150927;0000;42,3043;;;
150928;0000;44,0833;;;
150929;0000;42,3333;;;
150930;0000;39,25;;;
151001;0000;17,413;;;
151002;0000;30,7292;;;
151003;0000;42,75;;;
151004;0000;20,75;;;
151005;0000;31,2083;;;
151006;0000;24,0833;;;
151007;0000;25,2292;;;
151008;0000;35,3958;;;
151009;0000;34,7291;;;
151010;0000;30,6458;;;
151011;0000;27,0625;;;
151012;0000;27,3261;;;
151013;0000;19,225;;;
151014;0000;11,125;;;
151015;0000;19,1042;;;
151016;0000;46,0555;;;
151017;0000;44,75;;;
151018;0000;32,25;;;
151019;0000;13;;;
151020;0000;23,8542;;;
151021;0000;38,5;;;
151022;0000;37,7916;;;
151023;0000;42,4375;;;
151024;0000;27,625;;;
151025;0000;20,0833;;;
151026;0000;33,875;;;
151027;0000;47,0208;;;
151028;0000;37,9166;;;
151029;0000;41,4791;;;
151030;0000;46,7291;;;
151031;0000;44,5833;;;
151101;0000;39,2083;;;
151102;0000;;;;
151103;0000;41,5625;;;
151104;0000;43,6666;;;
151105;0000;47,3125;;;
151106;0000;60,8541;;;
151107;0000;47,3125;;;
151108;0000;33,6875;;;
151109;0000;33,5208;;;
151110;0000;36,3958;;;
151111;0000;34,75;;;
151112;0000;22,8958;;;
151113;0000;36,1875;;;
151114;0000;38,25;;;
151115;0000;32,9375;;;
151116;0000;36,5833;;;
151117;0000;;;;
151118;0000;33,25;;;
151119;0000;28,0417;;;
151120;0000;38,125;;;
151121;0000;36,8333;;;
151122;0000;29,9167;;;
151123;0000;31,2292;;;
151124;0000;32,7916;;;
151125;0000;32,75;;;
151126;0000;33,5833;;;
151127;0000;;;;
151128;0000;;;;
151129;0000;;;;
151130;0000;;;;
151201;0000;53,0625;;;
151202;0000;50,0208;;;
151203;0000;52,7083;;;
151204;0000;53,25;;;
151205;0000;51,8958;;;
151206;0000;38,4791;;;
151207;0000;39,5952;;;
151208;0000;31,5;;;
151209;0000;59,0208;;;
151210;0000;56,0625;;;
151211;0000;64,9583;;;
151212;0000;57,25;;;
151213;0000;38,3333;;;
151214;0000;48,25;;;
151215;0000;49,75;;;
151216;0000;43,5208;;;
151217;0000;59,8333;;;
151218;0000;54,3125;;;
151219;0000;68,7708;;;
151220;0000;49,2083;;;
151221;0000;45,2609;;;
151222;0000;47,9583;;;
151223;0000;44,5;;;
151224;0000;56,0625;;;
151225;0000;44,1458;;;
151226;0000;51,2708;;;
151227;0000;50,4375;;;
151228;0000;58,625;;;
151229;0000;53,1666;;;
151230;0000;47,413;;;
151231;0000;44,7708;;;
160101;0000;44,5417;;;
160102;0000;37,6042;;;
160103;0000;40,0417;;;
160104;0000;51,7292;;;
160105;0000;70,2291;;;
160106;0000;74,6666;;;
160107;0000;53,8125;;;
160108;0000;45,2083;;;
160109;0000;41,9792;;;
160110;0000;35,9375;;;
160111;0000;47,0833;;;
160112;0000;42,3409;;;
160113;0000;58,1667;;;
160114;0000;65,6875;;;
160115;0000;62,625;;;
160116;0000;60,3958;;;
160117;0000;44,375;;;
160118;0000;66,0416;;;
160119;0000;75,0625;;;
160120;0000;75,1459;;;
160121;0000;59,7708;;;
160122;0000;57,1458;;;
160123;0000;41,2708;;;
160124;0000;;;;
160125;0000;46,3684;;;
160126;0000;;;;
160127;0000;47,8684;;;
160128;0000;47,3958;;;
160129;0000;48,1458;;;
160130;0000;37,4565;;;
160131;0000;36,0417;;;
160201;0000;54,2292;;;
160202;0000;50,2917;;;
160203;0000;64,2222;;;
160204;0000;54,525;;;
160205;0000;41,913;;;
160206;0000;42,9375;;;
160207;0000;38,1042;;;
160208;0000;46,7083;;;
160209;0000;;;;
160210;0000;;;;
160211;0000;;;;
160212;0000;;;;
160213;0000;;;;
160214;0000;;;;
160215;0000;;;;
160216;0000;;;;
160217;0000;49;;;
160218;0000;45,4167;;;
160219;0000;42,7727;;;
160220;0000;45,375;;;
160221;0000;37,625;;;
160222;0000;49,8125;;;
160223;0000;59,2917;;;
160224;0000;55,0625;;;
160225;0000;50,1875;;;
160226;0000;47,4792;;;
160227;0000;48,5417;;;
160228;0000;36,625;;;
160229;0000;48,1042;;;
160301;0000;59,8958;;;
160302;0000;62,2708;;;
160303;0000;79,625;;;
160304;0000;69,7291;;;
160305;0000;49,8958;;;
160306;0000;43,3043;;;
160307;0000;60,5833;;;
160308;0000;55,2917;;;
160309;0000;65,4783;;;
160310;0000;72,8636;;;
160311;0000;80,326;;;
160312;0000;55,7708;;;
160313;0000;51,3333;;;
160314;0000;83,8043;;;
160315;0000;73,7084;;;
160316;0000;76,9584;;;
160317;0000;65,826;;;
160318;0000;78,4584;;;
160319;0000;59,625;;;
160320;0000;51,6042;;;
160321;0000;80,4375;;;
160322;0000;70,8125;;;
160323;0000;94,8334;;;
160324;0000;82,0834;;;
160325;0000;50,413;;;
160326;0000;64,2709;;;
160327;0000;55,2083;;;
160328;0000;82,2084;;;
160329;0000;74,2273;;;
160330;0000;70,8864;;;
160331;0000;80,7954;;;
160401;0000;69,3959;;;
160402;0000;49,5909;;;
160403;0000;;;;
160404;0000;52,2727;;;
160405;0000;63,881;;;
160406;0000;34,1304;;;
160407;0000;49,2292;;;
160408;0000;47,9792;;;
160409;0000;41,8333;;;
160410;0000;35,8333;;;
160411;0000;65,0217;;;
160412;0000;39,9167;;;
160413;0000;36,913;;;
160414;0000;45,5208;;;
160415;0000;17,1956;;;
160416;0000;17,75;;;
160417;0000;;;;
160418;0000;;;;
160419;0000;33,4375;;;
160420;0000;48,625;;;
160421;0000;57,0208;;;
160422;0000;58,375;;;
160423;0000;23,4773;;;
160424;0000;8,47917;;;
160425;0000;25,7292;;;
160426;0000;37,2292;;;
160427;0000;55,4583;;;
160428;0000;72,9791;;;
160429;0000;75,6666;;;
160430;0000;55,5833;;;
160501;0000;41,8333;;;
160502;0000;38,9167;;;
160503;0000;54,0208;;;
160504;0000;59,1875;;;
160505;0000;52,4545;;;
160506;0000;61,3125;;;
160507;0000;46,875;;;
160508;0000;47,5417;;;
160509;0000;47,5208;;;
160510;0000;56,1875;;;
160511;0000;34,5652;;;
160512;0000;42,75;;;
160513;0000;61,1667;;;
160514;0000;30,5;;;
160515;0000;21,6458;;;
160516;0000;47,2083;;;
160517;0000;54,7174;;;
160518;0000;35,6458;;;
160519;0000;53,587;;;
160520;0000;50,1739;;;
160521;0000;25,0952;;;
160522;0000;20,8095;;;
160523;0000;44,7708;;;
160524;0000;61,9583;;;
160525;0000;47,25;;;
160526;0000;69,1;;;
160527;0000;79,3541;;;
160528;0000;82,9783;;;
160529;0000;28,75;;;
160530;0000;26,0217;;;
160531;0000;30,2292;;;
160601;0000;31,8696;;;
160602;0000;22,3125;;;
160603;0000;10,4167;;;
160604;0000;16,1875;;;
160605;0000;27,1875;;;
160606;0000;38,9375;;;
160607;0000;48,6458;;;
160608;0000;50,3333;;;
160609;0000;52,1875;;;
160610;0000;48,4167;;;
160611;0000;54,375;;;
160612;0000;28,6739;;;
160613;0000;62,7292;;;
160614;0000;76,9375;;;
160615;0000;55,8125;;;
160616;0000;49,6458;;;
160617;0000;49,2292;;;
160618;0000;53,1875;;;
160619;0000;53,6667;;;
160620;0000;63,8333;;;
160621;0000;50,9792;;;
160622;0000;60,9792;;;
160623;0000;59,0833;;;
160624;0000;62,9318;;;
160625;0000;59,9783;;;
160626;0000;41,0682;;;
160627;0000;22,625;;;
160628;0000;32,1591;;;
160629;0000;62,8125;;;
160630;0000;90,7174;;;
160701;0000;60,1667;;;
160702;0000;60,0417;;;
160703;0000;41,8542;;;
160704;0000;35,5652;;;
160705;0000;34,0555;;;
160706;0000;;;;
160707;0000;54,1667;;;
160708;0000;68,3334;;;
160709;0000;63,3542;;;
160710;0000;27,3542;;;
160711;0000;11,2826;;;
160712;0000;46,8333;;;
160713;0000;19,5;;;
160714;0000;20,7083;;;
160715;0000;41,375;;;
160716;0000;19,625;;;
160717;0000;26,6042;;;
160718;0000;43,5;;;
160719;0000;52,9167;;;
160720;0000;63,9792;;;
160721;0000;55,5625;;;
160722;0000;38,8958;;;
160723;0000;41,1458;;;
160724;0000;44,0417;;;
160725;0000;15,125;;;
160726;0000;45,0208;;;
160727;0000;50,7292;;;
160728;0000;48,5625;;;
160729;0000;48,5625;;;
160730;0000;47,3125;;;
160731;0000;31,5217;;;
160801;0000;40,2292;;;
160802;0000;52,4792;;;
160803;0000;69,6666;;;
160804;0000;61,3043;;;
160805;0000;52,7292;;;
160806;0000;63,7917;;;
160807;0000;49,5217;;;
160808;0000;54,3333;;;
160809;0000;57,7292;;;
160810;0000;62,1364;;;
160811;0000;73,7142;;;
160812;0000;87,9375;;;
160813;0000;66,1875;;;
160814;0000;55,375;;;
160815;0000;;;;
160816;0000;31,625;;;
160817;0000;;;;
160818;0000;39,75;;;
160819;0000;;;;
160820;0000;;;;
160821;0000;34,6667;;;
160822;0000;54,1458;;;
160823;0000;63,4375;;;
160824;0000;56,8125;;;
160825;0000;52,5417;;;
160826;0000;54,8542;;;
160827;0000;44,1042;;;
160828;0000;31,3125;;;
160829;0000;47,875;;;
160830;0000;60,7917;;;
160831;0000;46,2917;;;
160901;0000;41,9167;;;
160902;0000;46,6042;;;
160903;0000;45;;;
160904;0000;34,875;;;
160905;0000;45,1042;;;
160906;0000;55,875;;;
160907;0000;48,825;;;
160908;0000;60,2292;;;
160909;0000;63,7292;;;
160910;0000;55,8125;;;
160911;0000;37,3958;;;
160912;0000;30,8125;;;
160913;0000;46,5208;;;
160914;0000;56,1458;;;
160915;0000;89,4375;;;
160916;0000;79,9375;;;
160917;0000;41,587;;;
160918;0000;38;;;
160919;0000;30,9583;;;
160920;0000;50,5;;;
160921;0000;52,0417;;;
160922;0000;57,5208;;;
160923;0000;56,0625;;;
160924;0000;45,0833;;;
160925;0000;39,3913;;;
160926;0000;57,375;;;
160927;0000;61,6042;;;
160928;0000;58,0833;;;
160929;0000;21,625;;;
160930;0000;38;;;
161001;0000;39,5;;;
161002;0000;29,9167;;;
161003;0000;36,3542;;;
161004;0000;27,5;;;
161005;0000;39,0217;;;
161006;0000;50,3696;;;
161007;0000;43,8333;;;
161008;0000;36,7292;;;
161009;0000;33,6042;;;
161010;0000;28,4131;;;
161011;0000;43,2083;;;
161012;0000;77;;;
161013;0000;39,1667;;;
161014;0000;50,9583;;;
161015;0000;33,2708;;;
161016;0000;9,10417;;;
161017;0000;;;;
161018;0000;;;;
161019;0000;24,3542;;;
161020;0000;33,4167;;;
161021;0000;39,3125;;;
161022;0000;38,5;;;
161023;0000;23,4375;;;
161024;0000;23,6875;;;
161025;0000;27,75;;;
161026;0000;35,7292;;;
161027;0000;53,4167;;;
161028;0000;54,6458;;;
161029;0000;46,0625;;;
161030;0000;27,0208;;;
161031;0000;20,2917;;;
161101;0000;15,0417;;;
161102;0000;31,2708;;;
161103;0000;44,2083;;;
161104;0000;45,1458;;;
161105;0000;43,75;;;
161106;0000;29,5208;;;
161107;0000;42,375;;;
161108;0000;41;;;
161109;0000;47,3095;;;
161110;0000;53,1875;;;
161111;0000;55,6591;;;
161112;0000;58,5833;;;
161113;0000;43,8261;;;
161114;0000;42,625;;;
161115;0000;44,1667;;;
161116;0000;42,5625;;;
161117;0000;35,4783;;;
161118;0000;82,3959;;;
161119;0000;67,5834;;;
161120;0000;35,6458;;;
161121;0000;45,875;;;
161122;0000;;;;
161123;0000;;;;
161124;0000;;;;
161125;0000;35;;;
161126;0000;23,7917;;;
161127;0000;22,9348;;;
161128;0000;44,0227;;;
161129;0000;52,5417;;;
161130;0000;66,8541;;;
161201;0000;61,875;;;
161202;0000;58,875;;;
161203;0000;55,5208;;;
161204;0000;19,5417;;;
161205;0000;27,7708;;;
161206;0000;44,1667;;;
161207;0000;51,75;;;
161208;0000;45,7708;;;
161209;0000;14,5833;;;
161210;0000;22;;;
161211;0000;26,4546;;;
161212;0000;27,0833;;;
161213;0000;38,7292;;;
161214;0000;47,4167;;;
161215;0000;90,9791;;;
161216;0000;74,0209;;;
161217;0000;40,4375;;;
161218;0000;35,575;;;
161219;0000;44,3696;;;
161220;0000;74,4348;;;
161221;0000;69,1459;;;
161222;0000;66,0416;;;
161223;0000;61,75;;;
161224;0000;71,4546;;;
161225;0000;27,9131;;;
161226;0000;11,5625;;;
161227;0000;29,9318;;;
161228;0000;43,1875;;;
161229;0000;48,0417;;;
161230;0000;;;;
161231;0000;33,3889;;;
170101;0000;;;;
170102;0000;;;;
170103;0000;;;;
170104;0000;69,5208;;;
170105;0000;51,875;;;
170106;0000;54,3542;;;
170107;0000;48,2292;;;
170108;0000;35;;;
170109;0000;29,75;;;
170110;0000;40,9583;;;
170111;0000;47,875;;;
170112;0000;62,2708;;;
170113;0000;42,5435;;;
170114;0000;33,4348;;;
170115;0000;35,25;;;
170116;0000;61,0833;;;
170117;0000;52,8333;;;
170118;0000;59,6458;;;
170119;0000;103,688;;;
170120;0000;133,458;;;
170121;0000;108,667;;;
170122;0000;82,1957;;;
170123;0000;72,913;;;
170124;0000;88,6136;;;
170125;0000;76,4783;;;
170126;0000;81;;;
170127;0000;62,0833;;;
170128;0000;;;;
170129;0000;84,7045;;;
170130;0000;93,9545;;;
170131;0000;68,6458;;;
170201;0000;86,8958;;;
170202;0000;71,7917;;;
170203;0000;38,625;;;
170204;0000;25,1667;;;
170205;0000;25,875;;;
170206;0000;45,6042;;;
170207;0000;68,25;;;
170208;0000;45,3542;;;
170209;0000;50,7917;;;
170210;0000;46,3542;;;
170211;0000;39,5625;;;
170212;0000;36,3333;;;
170213;0000;48,4375;;;
170214;0000;53,4792;;;
170215;0000;48,7917;;;
170216;0000;47;;;
170217;0000;37,5833;;;
170218;0000;32,2619;;;
170219;0000;33,6042;;;
170220;0000;48,4583;;;
170221;0000;50,7083;;;
170222;0000;55,5;;;
170223;0000;54,3958;;;
170224;0000;49,4583;;;
170225;0000;43,2917;;;
170226;0000;30,5;;;
170227;0000;35,3542;;;
170228;0000;39;;;
170301;0000;37,9565;;;
170302;0000;31,5417;;;
170303;0000;46,4583;;;
170304;0000;33,8958;;;
170305;0000;33,1042;;;
170306;0000;56,6667;;;
170307;0000;55,4722;;;
170308;0000;67,2708;;;
170309;0000;43,9583;;;
170310;0000;58,4167;;;
170311;0000;52,9167;;;
170312;0000;35,6667;;;
170313;0000;80,125;;;
170314;0000;68,7917;;;
170315;0000;66,4583;;;
170316;0000;75,9167;;;
170317;0000;66,9583;;;
170318;0000;46,0417;;;
170319;0000;41,5208;;;
170320;0000;60,3421;;;
170321;0000;74,3542;;;
170322;0000;86,6875;;;
170323;0000;72,3542;;;
170324;0000;49,6042;;;
170325;0000;44,7708;;;
170326;0000;34,75;;;
170327;0000;69,1667;;;
170328;0000;67,1667;;;
170329;0000;59,6667;;;
170330;0000;62,5208;;;
170331;0000;63,0625;;;
170401;0000;43,5208;;;
170402;0000;33,5417;;;
170403;0000;70,1042;;;
170404;0000;59,1458;;;
170405;0000;67,1667;;;
170406;0000;73,5625;;;
170407;0000;41,1875;;;
170408;0000;21,8958;;;
170409;0000;23,087;;;
170410;0000;68,7083;;;
170411;0000;55,4792;;;
170412;0000;72,8333;;;
170413;0000;68,5625;;;
170414;0000;35,3958;;;
170415;0000;36,8125;;;
170416;0000;40,1957;;;
170417;0000;65,6875;;;
170418;0000;56,2708;;;
170419;0000;39,6667;;;
170420;0000;;;;
170421;0000;35,1458;;;
170422;0000;31,1667;;;
170423;0000;27,0476;;;
170424;0000;44,9167;;;
170425;0000;36,9167;;;
170426;0000;45,175;;;
170427;0000;50,0833;;;
170428;0000;52,4783;;;
170429;0000;42,9375;;;
170430;0000;37,9792;;;
170501;0000;48;;;
170502;0000;60;;;
170503;0000;68;;;
170504;0000;71;;;
170505;0000;79;;;
170506;0000;63;;;
170507;0000;38;;;
170508;0000;24;;;
170509;0000;53;;;
170510;0000;42;;;
170511;0000;13;;;
170512;0000;26;;;
170513;0000;25;;;
170514;0000;;;;
170515;0000;;;;
170516;0000;51;;;
170517;0000;48;;;
170518;0000;;;;
170519;0000;;;;
170520;0000;;;;
170521;0000;;;;
170522;0000;;;;
170523;0000;108;;;
170524;0000;69;;;
170525;0000;15;;;
170526;0000;36;;;
170527;0000;34;;;
170528;0000;;;;
170529;0000;;;;
170530;0000;;;;
170531;0000;54;;;
170601;0000;57;;;
170602;0000;60;;;
170603;0000;51;;;
170604;0000;40;;;
170605;0000;;77;;
170606;0000;48;;;
170607;0000;49;;;
170608;0000;31;;;
170609;0000;50;;;
170610;0000;41;;;
170611;0000;33;;;
170612;0000;52;;;
170613;0000;82;;;
170614;0000;56;;;
170615;0000;53;;;
170616;0000;16;;;
170617;0000;7;;;
170618;0000;22;;;
170619;0000;;;;
170620;0000;72;;;
170621;0000;82;;;
170622;0000;35;;;
170623;0000;36;;;
170624;0000;34;;;
170625;0000;24;;;
170626;0000;16;;;
170627;0000;29;;;
170628;0000;43;;;
170629;0000;47;;;
170630;0000;54;;;
170701;0000;36;;;
170702;0000;42;;;
170703;0000;44;;;
170704;0000;21;;;
170705;0000;56;;;
170706;0000;67;;;
170707;0000;49;;;
170708;0000;59;;;
170709;0000;53;;;
170710;0000;63;;;
170711;0000;49;;;
170712;0000;53;;;
170713;0000;34;;;
170714;0000;28;;;
170715;0000;;;;
170716;0000;;;;
170717;0000;;;;
170718;0000;;;;
170719;0000;52;;;
170720;0000;56;;;
170721;0000;63;;;
170722;0000;40;;;
170723;0000;38;;;
170724;0000;49;;;
170725;0000;56;;;
170726;0000;60;;;
170727;0000;71;;;
170728;0000;75;;;
170729;0000;65;;;
170730;0000;61;;;
170731;0000;69;;;
170801;0000;40;;;
170802;0000;42;;;
170803;0000;49;;;
170804;0000;88;;;
170805;0000;68;;;
170806;0000;57;;;
170807;0000;58;;;
170808;0000;66;;;
170809;0000;66;;;
170810;0000;17;;;
170811;0000;9;;;
170812;0000;;22;;
170813;0000;25;;;
170814;0000;35;;;
170815;0000;37;;;
170816;0000;54;;;
170817;0000;58;;;
170818;0000;54;;;
170819;0000;23;;;
170820;0000;25;;;
170821;0000;49;;;
170822;0000;47;;;
170823;0000;44;;;
170824;0000;38;;;
170825;0000;37;;;
170826;0000;43;;;
170827;0000;29;;;
170828;0000;26;;;
170829;0000;21;;;
170830;0000;58;;;
170831;0000;52;;;
170901;0000;52;;;
170902;0000;45;;;
170903;0000;21;;;
170904;0000;35;;;
170905;0000;53;;;
170906;0000;67;;;
170907;0000;64;;;
170908;0000;38;;;
170909;0000;50;;;
170910;0000;11;;;
170911;0000;;;;
170912;0000;49;;;
170913;0000;43;;;
170914;0000;58;;;
170915;0000;56;;;
170916;0000;30;;;
170917;0000;47;;;
170918;0000;62;;;
170919;0000;24;;;
170920;0000;34;;;
170921;0000;45;;;
170922;0000;52;;;
170923;0000;41;;;
170924;0000;41;;;
170925;0000;52;;;
170926;0000;77;;;
170927;0000;88;;;
170928;0000;90;;;
170929;0000;81;;;
170930;0000;32;;;
171001;0000;15;;;
171002;0000;41;;;
171003;0000;31;;;
171004;0000;34;;;
171005;0000;16;;;
171006;0000;42;;;
171007;0000;32;;;
171008;0000;22;;;
171009;0000;28;;;
171010;0000;26;;;
171011;0000;29;;;
171012;0000;27;;;
171013;0000;39;;;
171014;0000;43;;;
171015;0000;40;;;
171016;0000;46;;;
171017;0000;52;;;
171018;0000;56;;;
171019;0000;51;;;
171020;0000;65;;;
171021;0000;51;;;
171022;0000;34;;;
171023;0000;37;;;
171024;0000;37;;;
171025;0000;46;;;
171026;0000;48;;;
171027;0000;42;;;
171028;0000;27;;;
171029;0000;19;;;
171030;0000;36;;;
171031;0000;41;;;
171101;0000;31;;;
171102;0000;31;;;
171103;0000;39;;;
171104;0000;40;;;
171105;0000;32;;;
171106;0000;36;;;
171107;0000;47;;;
171108;0000;38;;;
171109;0000;32;;;
171110;0000;41;;;
171111;0000;46;;;
171112;0000;46;;;
171113;0000;54;;;
171114;0000;51;;;
171115;0000;30;;;
171116;0000;43;;;
171117;0000;40;;;
171118;0000;38;;;
171119;0000;30;;;
171120;0000;34;;;
171121;0000;44;;;
171122;0000;51;;;
171123;0000;46;;;
171124;0000;41;;;
171125;0000;45;;;
171126;0000;43;;;
171127;0000;49;;;
171128;0000;56;;;
171129;0000;55;;;
171130;0000;53;;;
171201;0000;58;;;
171202;0000;48;;;
171203;0000;36;;;
171204;0000;47;;;
171205;0000;53;;;
171206;0000;56;;;
171207;0000;51;;;
171208;0000;42;;;
171209;0000;39;;;
171210;0000;47;;;
171211;0000;56;;;
171212;0000;47;;;
171213;0000;40;;;
171214;0000;50;;;
171215;0000;48;;;
171216;0000;40;;;
171217;0000;35;;;
171218;0000;49;;;
171219;0000;59;;;
171220;0000;59;;;
171221;0000;55;;;
171222;0000;47;;;
171223;0000;44;;;
171224;0000;39;;;
171225;0000;34;;;
171226;0000;40;;;
171227;0000;42;;;
171228;0000;47;;;
171229;0000;41;;;
171230;0000;32;;;
171231;0000;27;;;
180101;0000;34;;;
180102;0000;35;;;
180103;0000;37;;;
180104;0000;35;;;
180105;0000;34;;;
180106;0000;39;;;
180107;0000;41;;;
180108;0000;41;;;
180109;0000;43;;;
180110;0000;55;;;
180111;0000;57;;;
180112;0000;55;;;
180113;0000;46;;;
180114;0000;40;;;
180115;0000;40;;;
180116;0000;40;;;
180117;0000;44;;;
180118;0000;45;;;
180119;0000;51;;;
180120;0000;46;;;
180121;0000;41;;;
180122;0000;48;;;
180123;0000;51;;;
180124;0000;49;;;
180125;0000;50;;;
180126;0000;55;;;
180127;0000;44;;;
180128;0000;34;;;
180129;0000;51;;;
180130;0000;52;;;
180131;0000;53;;;
180201;0000;61;;;
180202;0000;62;;;
180203;0000;56;;;
180204;0000;48;;;
180205;0000;48;;;
180206;0000;53;;;
180207;0000;52;;;
180208;0000;49;;;
180209;0000;54;;;
180210;0000;42;;;
180211;0000;33;;;
180212;0000;55;;;
180213;0000;63;;;
180214;0000;61;;;
180215;0000;62;;;
180216;0000;60;;;
180217;0000;50;;;
180218;0000;30;;;
180219;0000;36;;;
180220;0000;40;;;
180221;0000;42;;;
180222;0000;43;;;
180223;0000;47;;;
180224;0000;34;;;
180225;0000;32;;;
180226;0000;45;;;
180227;0000;51;;;
180228;0000;51;;;
180301;0000;55;;;
180302;0000;58;;;
180303;0000;53;;;
180304;0000;43;;;
180305;0000;61;;;
180306;0000;64;;;
180307;0000;;;94;
180308;0000;72;;;
180309;0000;;;;
180310;0000;;;;
180311;0000;;;;
180312;0000;;;;
180313;0000;54;;;
180314;0000;45;;;
180315;0000;66;;;
180316;0000;56;;;
180317;0000;42;;;
180318;0000;17;;;
180319;0000;40;;;
180320;0000;57;;;
180321;0000;71;;;
180322;0000;54;;;
180323;0000;49;;;
180324;0000;45;;;
180325;0000;35;;;
180326;0000;71;;;
180327;0000;72;;;
180328;0000;83;;;
180329;0000;69;;;
180330;0000;40;;;
180331;0000;34;;;
180401;0000;35;;;
180402;0000;60;;;
180403;0000;69;;;
180404;0000;70;;;
180405;0000;74;;;
180406;0000;59;;;
180407;0000;62;;;
180408;0000;42;;;
180409;0000;75;;;
180410;0000;57;;;
180411;0000;48;;;
180412;0000;69;;;
180413;0000;73;;;
180414;0000;81;;;
180415;0000;64;;;
180416;0000;93;;;
180417;0000;79;;;
180418;0000;83;;;
180419;0000;99;;;
180420;0000;106;;;
180421;0000;80;;;
180422;0000;59;;;
180423;0000;99;;;
180424;0000;84;;;
180425;0000;92;;;
180426;0000;79;;;
180427;0000;94;;;
180428;0000;63;;;
180429;0000;67;;;
180430;0000;92;;;
180501;0000;61;;;
180502;0000;61;;;
180503;0000;96;;;
180504;0000;88;;;
180505;0000;71;;;
180506;0000;39;;;
180507;0000;47;;;
180508;0000;68;;;
180509;0000;58;;;
180510;0000;65;;;
180511;0000;70;;;
180512;0000;66;;;
180513;0000;79;;;
180514;0000;79;;;
180515;0000;106;;;
180516;0000;106;;;
180517;0000;68;;;
180518;0000;73;;;
180519;0000;59;;;
180520;0000;43;;;
180521;0000;45;;;
180522;0000;74;;;
180523;0000;81;;;
180524;0000;80;;;
180525;0000;85;;;
180526;0000;96;;;
180527;0000;55;;;
180528;0000;83;;;
180529;0000;17;;;
180530;0000;29;;;
180531;0000;35;;;
180601;0000;64;;;
180602;0000;57;;;
180603;0000;48;;;
180604;0000;61;;;
180605;0000;47;;;
180606;0000;51;;;
180607;0000;55;;;
180608;0000;;;;
180609;0000;43;;;
180610;0000;5;;;
180611;0000;8;;;
180612;0000;32;;;
180613;0000;55;;;
180614;0000;67;;;
180615;0000;77;;;
180616;0000;41;;;
180617;0000;29;;;
180618;0000;50;;;
180619;0000;79;;;
180620;0000;69;;;
180621;0000;82;;;
180622;0000;87;;;
180623;0000;102;;;
180624;0000;60;;;
180625;0000;67;;;
180626;0000;86;;;
180627;0000;67;;;
180628;0000;;;;
180629;0000;79;;;
180630;0000;59;;;
180701;0000;42;;;
180702;0000;19;;;
180703;0000;33;;;
180704;0000;19;;;
180705;0000;10;;;
180706;0000;16;;;
180707;0000;41;;;
180708;0000;42;;;
180709;0000;51;;;
180710;0000;59;;;
180711;0000;102;;;
180712;0000;83;;;
180713;0000;58;;;
180714;0000;53;;;
180715;0000;64;;;
180716;0000;69;;;
180717;0000;46;;;
180718;0000;27;;;
180719;0000;38;;;
180720;0000;42;;;
180721;0000;42;;;
180722;0000;41;;;
180723;0000;51;;;
180724;0000;63;;;
180725;0000;49;;;
180726;0000;77;;;
180727;0000;40;;;
180728;0000;34;;;
180729;0000;37;;;
180730;0000;;;;
180731;0000;;;;
180801;0000;81;;;
180802;0000;;;;
180803;0000;;;;
180804;0000;68;;;
180805;0000;63;;;
180806;0000;94;;;
180807;0000;19;;;
180808;0000;39;;;
180809;0000;41;;;
180810;0000;79;;;
180811;0000;75;;;
180812;0000;59;;;
180813;0000;35;;;
180814;0000;58;;;
180815;0000;49;;;
180816;0000;77;;;
180817;0000;79;;;
180818;0000;48;;;
180819;0000;40;;;
180820;0000;54;;;
180821;0000;67;;;
180822;0000;99;;;
180823;0000;38;;;
180824;0000;38;;;
180825;0000;55;;;
180826;0000;35;;;
180827;0000;63;;;
180828;0000;71;;;
180829;0000;70;;;
180830;0000;60;;;
180831;0000;47;;;
180901;0000;52;;;
180902;0000;39;;;
180903;0000;61;;;
180904;0000;58;;;
180905;0000;72;;;
180906;0000;;;84;
180907;0000;89;;;
180908;0000;78;;;
180909;0000;51;;;
180910;0000;58;;;
180911;0000;61;;;
180912;0000;74;;;
180913;0000;71;;;
180914;0000;76;;;
180915;0000;45;;;
180916;0000;33;;;
180917;0000;62;;;
180918;0000;14;;;
180919;0000;32;;;
180920;0000;54;;;
180921;0000;27;;;
180922;0000;21;;;
180923;0000;25;;;
180924;0000;;53;;
180925;0000;;;;
180926;0000;;74;;
180927;0000;;70;;
180928;0000;;74;;
180929;0000;;;;
180930;0000;;;;
181001;0000;45;;;
181002;0000;65;;;
181003;0000;66;;;
181004;0000;88;;;
181005;0000;;;;
181006;0000;49;;;
181007;0000;37;;;
181008;0000;34;;;
181009;0000;44;;;
181010;0000;80;;;
181011;0000;44;;;
181012;0000;55;;;
181013;0000;46;;;
181014;0000;38;;;
181015;0000;35;;;
181016;0000;42;;;
181017;0000;35;;;
181018;0000;31;;;
181019;0000;41;;;
181020;0000;42;;;
181021;0000;36;;;
181022;0000;40;;;
181023;0000;44;;;
181024;0000;44;;;
181025;0000;47;;;
181026;0000;;;;
181027;0000;;;;
181028;0000;;;;
181029;0000;37;;;
181030;0000;;;;
181031;0000;30;;;
181101;0000;;;;
181102;0000;;;;
181103;0000;;;;
181104;0000;;;;
181105;0000;;;;
181106;0000;36;;;
181107;0000;45;;;
181108;0000;;;58;
181109;0000;;;43;
181110;0000;38;;;
181111;0000;20;;;
181112;0000;15;;;
181113;0000;20;;;
181114;0000;28;;;
181115;0000;36;;;
181116;0000;32;;;
181117;0000;;;;
181118;0000;;;;
181119;0000;33;;;
181120;0000;38;;;
181121;0000;38;;;
181122;0000;34;;;
181123;0000;39;;;
181124;0000;36;;;
181125;0000;32;;;
181126;0000;42;;;
181127;0000;42;;;
181128;0000;;;41;
181129;0000;52;;;
181130;0000;51;;;
181201;0000;39;;;
181202;0000;37;;;
181203;0000;42;;;
181204;0000;27;;;
181205;0000;32;;;
181206;0000;35;;;
181207;0000;41;;;
181208;0000;36;;;
181209;0000;22;;;
181210;0000;34;;;
181211;0000;37;;;
181212;0000;49;;;
181213;0000;24;;;
181214;0000;28;;;
181215;0000;41;;;
181216;0000;33;;;
181217;0000;42;;;
181218;0000;45;;;
181219;0000;46;;;
181220;0000;36;;;
181221;0000;38;;;
181222;0000;44;;;
181223;0000;42;;;
181224;0000;43;;;
181225;0000;39;;;
181226;0000;41;;;
181227;0000;42;;;
181228;0000;42;;;
181229;0000;35;;;
181230;0000;29;;;
181231;0000;37;;;
190101;0000;38;;;
190102;0000;39;;;
190103;0000;55;;;
190104;0000;58;;;
190105;0000;50;;;
190106;0000;29;;;
190107;0000;33;;;
190108;0000;30;;;
190109;0000;35;;;
190110;0000;42;;;
190111;0000;39;;;
190112;0000;36;;;
190113;0000;30;;;
190114;0000;34;;;
190115;0000;39;;;
190116;0000;42;;;
190117;0000;36;;;
190118;0000;44;;;
190119;0000;49;;;
190120;0000;47;;;
190121;0000;48;;;
190122;0000;50;;;
190123;0000;56;;;
190124;0000;64;;;
190125;0000;67;;;
190126;0000;53;;;
190127;0000;48;;;
190128;0000;54;;;
190129;0000;57;;;
190130;0000;55;;;
190131;0000;47;;;
190201;0000;54;;;
190202;0000;52;;;
190203;0000;48;;;
190204;0000;;63;;
190205;0000;;86;;
190206;0000;;74;;
190207;0000;;80;;
190208;0000;;;69;
190209;0000;;;63;
190210;0000;;;51;
190211;0000;;;53;
190212;0000;;;59;
190213;0000;;;;
190214;0000;;;;
190215;0000;;;;
190216;0000;50;;;
190217;0000;46;;;
190218;0000;46;;;
190219;0000;50;;;
190220;0000;52;;;
190221;0000;45;;;
190222;0000;38;;;
190223;0000;33;;;
190224;0000;32;;;
190225;0000;42;;;
190226;0000;43;;;
190227;0000;52;;;
190228;0000;;46;;
190301;0000;;53;;
190302;0000;51;;;
190303;0000;40;;;
190304;0000;44;;;
190305;0000;45;;;
190306;0000;;55;;
190307;0000;46;;;
190308;0000;44;;;
190309;0000;53;;;
190310;0000;36;;;
190311;0000;54;;;
190312;0000;50;;;
190313;0000;67;;;
190314;0000;59;;;
190315;0000;50;;;
190316;0000;;42;;
190317;0000;37;;;
190318;0000;55;;;
190319;0000;68;;;
190320;0000;63;;;
190321;0000;82;;;
190322;0000;80;;;
190323;0000;69;;;
190324;0000;51;;;
190325;0000;69;;;
190326;0000;86;;;
190327;0000;79;;;
190328;0000;85;;;
190329;0000;80;;;
190330;0000;97;;;
190331;0000;44;;;
190401;0000;59;;;
190402;0000;68;;;
190403;0000;73;;;
190404;0000;78;;;
190405;0000;58;;;
190406;0000;52;;;
190407;0000;40;;;
190408;0000;67;;;
190409;0000;76;;;
190410;0000;86;;;
190411;0000;86;;;
190412;0000;92;;;
190413;0000;106;;;
190414;0000;76;;;
190415;0000;81;;;
190416;0000;76;;;
190417;0000;91;;;
190418;0000;;;;
190419;0000;;;;
190420;0000;62;;;
190421;0000;47;;;
190422;0000;63;;;
190423;0000;88;;;
190424;0000;75;;;
190425;0000;62;;;
190426;0000;86;;;
190427;0000;77;;;
190428;0000;68;;;
190429;0000;78;;;
190430;0000;86;;;
190501;0000;68;;;
190502;0000;85;;;
190503;0000;93;;;
190504;0000;54;;;
190505;0000;63;;;
190506;0000;97;;;
190507;0000;108;;;
190508;0000;106;;;
190509;0000;47;;;
190510;0000;73;;;
190511;0000;77;;;
190512;0000;64;;;
190513;0000;87;;;
190514;0000;91;;;
190515;0000;96;;;
190516;0000;122;;;
190517;0000;75;;;
190518;0000;47;;;
190519;0000;46;;;
190520;0000;38;;;
190521;0000;29;;;
190522;0000;53;;;
190523;0000;62;;;
190524;0000;100;;;
190525;0000;77;;;
190526;0000;53;;;
190527;0000;52;;;
190528;0000;85;;;
190529;0000;43;;;
190530;0000;25;;;
190531;0000;25;;;
190601;0000;38;;;
190602;0000;25;;;
190603;0000;58;;;
190604;0000;75;;;
190605;0000;68;;;
190606;0000;45;;;
190607;0000;54;;;
190608;0000;59;;;
190609;0000;57;;;
190610;0000;86;;;
190611;0000;73;;;
190612;0000;46;;;
190613;0000;14;;;
190614;0000;17;;;
190615;0000;23;;;
190616;0000;39;;;
190617;0000;52;;;
190618;0000;40;;;
190619;0000;62;;;
190620;0000;53;;;
190621;0000;96;;;
190622;0000;80;;;
190623;0000;73;;;
190624;0000;46;;;
190625;0000;37;;;
190626;0000;79;;;
190627;0000;121;;;
190628;0000;78;;;
190629;0000;13;;;
190630;0000;29;;;
190701;0000;54;;;
190702;0000;80;;;
190703;0000;90;;;
190704;0000;95;;;
190705;0000;71;;;
190706;0000;74;;;
190707;0000;79;;;
190708;0000;118;;;
190709;0000;89;;;
190710;0000;85;;;
190711;0000;78;;;
190712;0000;85;;;
190713;0000;84;;;
190714;0000;78;;;
190715;0000;82;;;
190716;0000;59;;;
190717;0000;110;;;
190718;0000;112;;;
190719;0000;97;;;
190720;0000;67;;;
190721;0000;27;;;
190722;0000;26;;;
190723;0000;54;;;
190724;0000;60;;;
190725;0000;67;;;
190726;0000;73;;;
190727;0000;72;;;
190728;0000;65;;;
190729;0000;66;;;
190730;0000;72;;;
190731;0000;43;;;
190801;0000;38;;;
190802;0000;63;;;
190803;0000;46;;;
190804;0000;41;;;
190805;0000;71;;;
190806;0000;61;;;
190807;0000;50;;;
190808;0000;61;;;
190809;0000;85;;;
190810;0000;72;;;
190811;0000;51;;;
190812;0000;58;;;
190813;0000;66;;;
190814;0000;66;;;
190815;0000;74;;;
190816;0000;73;;;
190817;0000;41;;;
190818;0000;63;;;
190819;0000;93;;;
190820;0000;66;;;
190821;0000;88;;;
190822;0000;80;;;
190823;0000;80;;;
190824;0000;74;;;
190825;0000;63;;;
190826;0000;67;;;
190827;0000;81;;;
190828;0000;70;;;
190829;0000;48;;;
190830;0000;63;;;
190831;0000;59;;;
190901;0000;50;;;
190902;0000;60;;;
190903;0000;66;;;
190904;0000;86;;;
190905;0000;39;;;
190906;0000;47;;;
190907;0000;32;;;
190908;0000;38;;;
190909;0000;18;;;
190910;0000;30;;;
190911;0000;29;;;
190912;0000;45;;;
190913;0000;61;;;
190914;0000;62;;;
190915;0000;30;;;
190916;0000;36;;;
190917;0000;43;;;
190918;0000;48;;;
190919;0000;31;;;
190920;0000;26;;;
190921;0000;30;;;
190922;0000;37;;;
190923;0000;63;;;
190924;0000;69;;;
190925;0000;85;;;
190926;0000;90;;;
190927;0000;46;;;
190928;0000;53;;;
190929;0000;43;;;
190930;0000;29;;;
191001;0000;12;;;
191002;0000;30;;;
191003;0000;36;;;
191004;0000;43;;;
191005;0000;44;;;
191006;0000;39;;;
191007;0000;42;;;
191008;0000;52;;;
191009;0000;57;;;
191010;0000;62;;;
191011;0000;73;;;
191012;0000;93;;;
191013;0000;56;;;
191014;0000;31;;;
191015;0000;44;;;
191016;0000;50;;;
191017;0000;51;;;
191018;0000;61;;;
191019;0000;59;;;
191020;0000;41;;;
191021;0000;44;;;
191022;0000;37;;;
191023;0000;47;;;
191024;0000;60;;;
191025;0000;52;;;
191026;0000;46;;;
191027;0000;30;;;
191028;0000;40;;;
191029;0000;40;;;
191030;0000;48;;;
191031;0000;46;;;
191101;0000;31;;;
191102;0000;32;;;
191103;0000;40;;;
191104;0000;52;;;
191105;0000;56;;;
191106;0000;56;;;
191107;0000;60;;;
191108;0000;63;;;
191109;0000;54;;;
191110;0000;60;;;
191111;0000;72;;;
191112;0000;70;;;
191113;0000;58;;;
191114;0000;54;;;
191115;0000;54;;;
191116;0000;48;;;
191117;0000;37;;;
191118;0000;51;;;
191119;0000;70;;;
191120;0000;61;;;
191121;0000;61;;;
191122;0000;76;;;
191123;0000;51;;;
191124;0000;31;;;
191125;0000;35;;;
191126;0000;47;;;
191127;0000;52;;;
191128;0000;50;;;
191129;0000;50;;;
191130;0000;46;;;
191201;0000;50;;;
191202;0000;61;;;
191203;0000;64;;;
191204;0000;51;;;
191205;0000;54;;;
191206;0000;61;;;
191207;0000;46;;;
191208;0000;47;;;
191209;0000;56;;;
191210;0000;67;;;
191211;0000;62;;;
191212;0000;;;;
191213;0000;;;;
191214;0000;54;;;
191215;0000;44;;;
191216;0000;53;;;
191217;0000;61;;;
191218;0000;63;;;
191219;0000;59;;;
191220;0000;50;;;
191221;0000;57;;;
191222;0000;48;;;
191223;0000;59;;;
191224;0000;43;;;
191225;0000;33;;;
191226;0000;48;;;
191227;0000;63;;;
191228;0000;51;;;
191229;0000;40;;;
191230;0000;54;;;
191231;0000;61;;;
200101;0000;48;;;
200102;0000;59;;;
200103;0000;67;;;
200104;0000;;;;
200105;0000;;;;
200106;0000;52;;;
200107;0000;61;;;
200108;0000;41;;;
200109;0000;47;;;
200110;0000;50;;;
200111;0000;54;;;
200112;0000;48;;;
200113;0000;55;;;
200114;0000;60;;;
200115;0000;69;;;
200116;0000;;;;
200117;0000;;;;
200118;0000;78;;;
200119;0000;63;;;
200120;0000;67;;;
200121;0000;74;;;
200122;0000;66;;;
200123;0000;57;;;
200124;0000;56;;;
200125;0000;48;;;
200126;0000;45;;;
200127;0000;50;;;
200128;0000;63;;;
200129;0000;41;;;
200130;0000;58;;;
200131;0000;65;;;
200201;0000;54;;;
200202;0000;45;;;
200203;0000;43;;;
200204;0000;46;;;
200205;0000;54;;;
200206;0000;47;;;
200207;0000;50;;;
200208;0000;48;;;
200209;0000;42;;;
200210;0000;65;;;
200211;0000;69;;;
200212;0000;68;;;
200213;0000;61;;;
200214;0000;74;;;
200215;0000;62;;;
200216;0000;52;;;
200217;0000;44;;;
200218;0000;60;;;
200219;0000;67;;;
200220;0000;81;;;
200221;0000;73;;;
200222;0000;61;;;
200223;0000;54;;;
200224;0000;65;;;
200225;0000;63;;;
200226;0000;59;;;
200227;0000;67;;;
200228;0000;74;;;
200229;0000;69;;;
200301;0000;55;;;
200302;0000;64;;;
200303;0000;72;;;
200304;0000;71;;;
200305;0000;78;;;
200306;0000;81;;;
200307;0000;69;;;
200308;0000;47;;;
200309;0000;60;;;
200310;0000;74;;;
200311;0000;76;;;
200312;0000;;;54;
200313;0000;54;;;
200314;0000;57;;;
200315;0000;50;;;
200316;0000;64;;;
200317;0000;64;;;
200318;0000;62;;;
200319;0000;58;;;
200320;0000;70;;;
200321;0000;49;;;
200322;0000;34;;;
200323;0000;42;;;
200324;0000;43;;;
200325;0000;48;;;
200326;0000;58;;;
200327;0000;50;;;
200328;0000;60;;;
200329;0000;46;;;
200330;0000;45;;;
200331;0000;53;;;
200401;0000;57;;;
200402;0000;54;;;
200403;0000;73;;;
200404;0000;70;;;
200405;0000;45;;;
200406;0000;46;;;
200407;0000;51;;;
200408;0000;70;;;
200409;0000;75;;;
200410;0000;58;;;
200411;0000;54;;;
200412;0000;49;;;
200413;0000;40;;;
200414;0000;45;;;
200415;0000;63;;;
200416;0000;73;;;
200417;0000;67;;;
200418;0000;59;;;
200419;0000;41;;;
200420;0000;49;;;
200421;0000;46;;;
200422;0000;65;;;
200423;0000;82;;;
200424;0000;49;;;
200425;0000;42;;;
200426;0000;26;;;
200427;0000;29;;;
200428;0000;33;;;
200429;0000;56;;;
200430;0000;70;;;
200501;0000;63;;;
200502;0000;55;;;
200503;0000;54;;;
200504;0000;60;;;
200505;0000;62;;;
200506;0000;53;;;
200507;0000;55;;;
200508;0000;86;;;
200509;0000;61;;;
200510;0000;43;;;
200511;0000;56;;;
200512;0000;76;;;
200513;0000;71;;;
200514;0000;61;;;
200515;0000;61;;;
200516;0000;43;;;
200517;0000;39;;;
200518;0000;50;;;
200519;0000;65;;;
200520;0000;47;;;
200521;0000;19;;;
200522;0000;28;;;
200523;0000;24;;;
200524;0000;23;;;
200525;0000;33;;;
200526;0000;47;;;
200527;0000;66;;;
200528;0000;67;;;
200529;0000;61;;;
200530;0000;75;;;
200531;0000;54;;;
200601;0000;47;;;
200602;0000;64;;;
200603;0000;23;;;
200604;0000;31;;;
200605;0000;41;;;
200606;0000;44;;;
200607;0000;41;;;
200608;0000;53;;;
200609;0000;47;;;
200610;0000;60;;;
200611;0000;59;;;
200612;0000;13;;;
200613;0000;18;;;
200614;0000;22;;;
200615;0000;40;;;
200616;0000;44;;;
200617;0000;24;;;
200618;0000;26;;;
200619;0000;30;;;
200620;0000;30;;;
200621;0000;31;;;
200622;0000;43;;;
200623;0000;9;;;
200624;0000;7;;;
200625;0000;19;;;
200626;0000;29;;;
200627;0000;18;;;
200628;0000;25;;;
200629;0000;12;;;
200630;0000;19;;;
200701;0000;16;;;
200702;0000;33;;;
200703;0000;34;;;
200704;0000;13;;;
200705;0000;11;;;
200706;0000;41;;;
200707;0000;43;;;
200708;0000;24;;;
200709;0000;40;;;
200710;0000;59;;;
200711;0000;68;;;
200712;0000;73;;;
200713;0000;24;;;
200714;0000;27;;;
200715;0000;38;;;
200716;0000;35;;;
200717;0000;60;;;
200718;0000;37;;;
200719;0000;20;;;
200720;0000;18;;;
200721;0000;8;;;
200722;0000;13;;;
200723;0000;14;;;
200724;0000;25;;;
200725;0000;34;;;
200726;0000;50;;;
200727;0000;73;;;
200728;0000;55;;;
200729;0000;45;;;
200730;0000;50;;;
200731;0000;61;;;
200801;0000;40;;;
200802;0000;42;;;
200803;0000;64;;;
200804;0000;70;;;
200805;0000;30;;;
200806;0000;39;;;
200807;0000;66;;;
200808;0000;63;;;
200809;0000;43;;;
200810;0000;44;;;
200811;0000;46;;;
200812;0000;58;;;
200813;0000;65;;;
200814;0000;51;;;
200815;0000;62;;;
200816;0000;48;;;
200817;0000;49;;;
200818;0000;50;;;
200819;0000;61;;;
200820;0000;40;;;
200821;0000;40;;;
200822;0000;48;;;
200823;0000;32;;;
200824;0000;25;;;
200825;0000;28;;;
200826;0000;14;;;
200827;0000;30;;;
200828;0000;44;;;
200829;0000;32;;;
200830;0000;24;;;
200831;0000;35;;;
200901;0000;35;;;
200902;0000;54;;;
200903;0000;56;;;
200904;0000;54;;;
200905;0000;43;;;
200906;0000;28;;;
200907;0000;48;;;
200908;0000;56;;;
200909;0000;57;;;
200910;0000;46;;;
200911;0000;46;;;
200912;0000;41;;;
200913;0000;39;;;
200914;0000;48;;;
200915;0000;69;;;
200916;0000;77;;;
200917;0000;58;;;
200918;0000;38;;;
200919;0000;36;;;
200920;0000;40;;;
200921;0000;51;;;
200922;0000;50;;;
200923;0000;48;;;
200924;0000;62;;;
200925;0000;40;;;
200926;0000;24;;;
200927;0000;23;;;
200928;0000;43;;;
200929;0000;40;;;
200930;0000;38;;;
201001;0000;41;;;
201002;0000;42;;;
201003;0000;29;;;
201004;0000;26;;;
201005;0000;44;;;
201006;0000;51;;;
201007;0000;52;;;
201008;0000;50;;;
201009;0000;58;;;
201010;0000;55;;;
201011;0000;34;;;
201012;0000;35;;;
201013;0000;59;;;
201014;0000;67;;;
201015;0000;66;;;
201016;0000;63;;;
201017;0000;48;;;
201018;0000;33;;;
201019;0000;49;;;
201020;0000;46;;;
201021;0000;54;;;
201022;0000;62;;;
201023;0000;64;;;
201024;0000;52;;;
201025;0000;27;;;
201026;0000;45;;;
201027;0000;52;;;
201028;0000;46;;;
201029;0000;48;;;
201030;0000;50;;;
201031;0000;53;;;
201101;0000;45;;;
201102;0000;53;;;
201103;0000;55;;;
201104;0000;55;;;
201105;0000;54;;;
201106;0000;61;;;
201107;0000;57;;;
201108;0000;45;;;
201109;0000;51;;;
201110;0000;52;;;
201111;0000;52;;;
201112;0000;55;;;
201113;0000;47;;;
201114;0000;37;;;
201115;0000;35;;;
201116;0000;48;;;
201117;0000;56;;;
201118;0000;56;;;
201119;0000;60;;;
201120;0000;35;;;
201121;0000;36;;;
201122;0000;36;;;
201123;0000;44;;;
201124;0000;42;;;
201125;0000;43;;;
201126;0000;55;;;
201127;0000;;;;
201128;0000;;;;
201129;0000;;;;
201130;0000;;;;
201201;0000;57;;;
201202;0000;60;;;
201203;0000;52;;;
201204;0000;59;;;
201205;0000;62;;;
201206;0000;53;;;
201207;0000;58;;;
201208;0000;;;;
201209;0000;;;;
201210;0000;50;;;
201211;0000;44;;;
201212;0000;42;;;
201213;0000;31;;;
201214;0000;46;;;
201215;0000;46;;;
201216;0000;51;;;
201217;0000;59;;;
201218;0000;46;;;
201219;0000;31;;;
201220;0000;27;;;
201221;0000;49;;;
201222;0000;58;;;
201223;0000;66;;;
201224;0000;55;;;
201225;0000;42;;;
201226;0000;38;;;
201227;0000;32;;;
201228;0000;43;;;
201229;0000;43;;;
201230;0000;41;;;
201231;0000;57;;;
210101;0000;52;;;
210102;0000;46;;;
210103;0000;37;;;
210104;0000;42;;;
210105;0000;47;;;
210106;0000;50;;;
210107;0000;53;;;
210108;0000;48;;;
210109;0000;43;;;
210110;0000;29;;;
210111;0000;35;;;
210112;0000;46;;;
210113;0000;51;;;
210114;0000;56;;;
210115;0000;55;;;
210116;0000;41;;;
210117;0000;33;;;
210118;0000;56;;;
210119;0000;63;;;
210120;0000;72;;;
210121;0000;67;;;
210122;0000;67;;;
210123;0000;52;;;
210124;0000;44;;;
210125;0000;52;;;
210126;0000;51;;;
210127;0000;57;;;
210128;0000;53;;;
210129;0000;41;;;
210130;0000;14;;;
210131;0000;14;;;
210201;0000;22;;;
210202;0000;34;;;
210203;0000;35;;;
210204;0000;46;;;
210205;0000;55;;;
210206;0000;50;;;
210207;0000;43;;;
210208;0000;40;;;
210209;0000;44;;;
210210;0000;50;;;
210211;0000;49;;;
210212;0000;60;;;
210213;0000;43;;;
210214;0000;32;;;
210215;0000;43;;;
210216;0000;43;;;
210217;0000;50;;;
210218;0000;42;;;
210219;0000;45;;;
210220;0000;41;;;
210221;0000;38;;;
210222;0000;41;;;
210223;0000;51;;;
210224;0000;61;;;
210225;0000;65;;;
210226;0000;61;;;
210227;0000;55;;;
210228;0000;40;;;
210301;0000;50;;;
210302;0000;64;;;
210303;0000;57;;;
210304;0000;65;;;
210305;0000;57;;;
210306;0000;47;;;
210307;0000;44;;;
210308;0000;55;;;
210309;0000;60;;;
210310;0000;62;;;
210311;0000;66;;;
210312;0000;57;;;
210313;0000;52;;;
210314;0000;42;;;
210315;0000;33;;;
210316;0000;32;;;
210317;0000;45;;;
210318;0000;51;;;
210319;0000;46;;;
210320;0000;30;;;
210321;0000;29;;;
210322;0000;41;;;
210323;0000;60;;;
210324;0000;63;;;
210325;0000;52;;;
210326;0000;53;;;
210327;0000;38;;;
210328;0000;38;;;
210329;0000;64;;;
210330;0000;78;;;
210331;0000;72;;;
210401;0000;78;;;
210402;0000;65;;;
210403;0000;48;;;
210404;0000;51;;;
210405;0000;59;;;
210406;0000;52;;;
210407;0000;47;;;
210408;0000;40;;;
210409;0000;45;;;
210410;0000;32;;;
210411;0000;35;;;
210412;0000;53;;;
210413;0000;59;;;
210414;0000;71;;;
210415;0000;71;;;
210416;0000;65;;;
210417;0000;59;;;
210418;0000;60;;;
210419;0000;66;;;
210420;0000;60;;;
210421;0000;23;;;
210422;0000;40;;;
210423;0000;45;;;
210424;0000;49;;;
210425;0000;48;;;
210426;0000;61;;;
210427;0000;80;;;
210428;0000;94;;;
210429;0000;80;;;
210430;0000;91;;;
210501;0000;72;;;
210502;0000;66;;;
210503;0000;55;;;
210504;0000;54;;;
210505;0000;58;;;
210506;0000;67;;;
210507;0000;52;;;
210508;0000;60;;;
210509;0000;69;;;
210510;0000;72;;;
210511;0000;77;;;
210512;0000;86;;;
210513;0000;109;;;
210514;0000;119;;;
210515;0000;126;;;
210516;0000;87;;;
210517;0000;80;;;
210518;0000;88;;;
210519;0000;83;;;
210520;0000;42;;;
210521;0000;15;;;
210522;0000;31;;;
210523;0000;36;;;
210524;0000;60;;;
210525;0000;73;;;
210526;0000;68;;;
210527;0000;70;;;
210528;0000;70;;;
210529;0000;83;;;
210530;0000;66;;;
210531;0000;59;;;
210601;0000;74;;;
210602;0000;64;;;
210603;0000;58;;;
210604;0000;65;;;
210605;0000;62;;;
210606;0000;57;;;
210607;0000;78;;;
210608;0000;59;;;
210609;0000;58;;;
210610;0000;69;;;
210611;0000;65;;;
210612;0000;42;;;
210613;0000;60;;;
210614;0000;71;;;
210615;0000;64;;;
210616;0000;50;;;
210617;0000;71;;;
210618;0000;71;;;
210619;0000;79;;;
210620;0000;66;;;
210621;0000;47;;;
210622;0000;53;;;
210623;0000;35;;;
210624;0000;42;;;
210625;0000;21;;;
210626;0000;26;;;
210627;0000;26;;;
210628;0000;16;;;
210629;0000;37;;;
210630;0000;86;;;
210701;0000;77;;;
210702;0000;87;;;
210703;0000;61;;;
210704;0000;44;;;
210705;0000;74;;;
210706;0000;57;;;
210707;0000;66;;;
210708;0000;68;;;
210709;0000;81;;;
210710;0000;70;;;
210711;0000;43;;;
210712;0000;67;;;
210713;0000;100;;;
210714;0000;119;;;
210715;0000;97;;;
210716;0000;80;;;
210717;0000;68;;;
210718;0000;35;;;
210719;0000;63;;;
210720;0000;62;;;
210721;0000;97;;;
210722;0000;96;;;
210723;0000;96;;;
210724;0000;59;;;
210725;0000;29;;;
210726;0000;29;;;
210727;0000;53;;;
210728;0000;44;;;
210729;0000;63;;;
210730;0000;77;;;
210731;0000;91;;;
210801;0000;53;;;
210802;0000;72;;;
210803;0000;91;;;
210804;0000;113;;;
210805;0000;126;;;
210806;0000;107;;;
210807;0000;89;;;
210808;0000;59;;;
210809;0000;60;;;
210810;0000;84;;;
210811;0000;80;;;
210812;0000;94;;;
210813;0000;127;;;
210814;0000;90;;;
210815;0000;122;;;
210816;0000;105;;;
210817;0000;65;;;
210818;0000;24;;;
210819;0000;13;;;
210820;0000;42;;;
210821;0000;20;;;
210822;0000;22;;;
210823;0000;33;;;
210824;0000;31;;;
210825;0000;31;;;
210826;0000;50;;;
210827;0000;80;;;
210828;0000;69;;;
210829;0000;35;;;
210830;0000;54;;;
210831;0000;67;;;
210901;0000;92;;;
210902;0000;78;;;
210903;0000;54;;;
210904;0000;41;;;
210905;0000;36;;;
210906;0000;28;;;
210907;0000;20;;;
210908;0000;30;;;
210909;0000;60;;;
210910;0000;70;;;
210911;0000;46;;;
210912;0000;9;;;
210913;0000;14;;;
210914;0000;32;;;
210915;0000;46;;;
210916;0000;45;;;
210917;0000;38;;;
210918;0000;38;;;
210919;0000;30;;;
210920;0000;42;;;
210921;0000;53;;;
210922;0000;41;;;
210923;0000;53;;;
210924;0000;47;;;
210925;0000;43;;;
210926;0000;36;;;
210927;0000;47;;;
210928;0000;47;;;
210929;0000;47;;;
210930;0000;30;;;
211001;0000;42;;;
211002;0000;31;;;
211003;0000;34;;;
211004;0000;45;;;
211005;0000;43;;;
211006;0000;57;;;
211007;0000;56;;;
211008;0000;21;;;
211009;0000;31;;;
211010;0000;29;;;
211011;0000;35;;;
211012;0000;44;;;
211013;0000;41;;;
211014;0000;24;;;
211015;0000;37;;;
211016;0000;35;;;
211017;0000;35;;;
211018;0000;31;;;
211019;0000;50;;;
211020;0000;59;;;
211021;0000;58;;;
211022;0000;47;;;
211023;0000;42;;;
211024;0000;49;;;
211025;0000;55;;;
211026;0000;57;;;
211027;0000;72;;;
211028;0000;64;;;
211029;0000;65;;;
211030;0000;51;;;
211031;0000;49;;;
211101;0000;52;;;
211102;0000;54;;;
211103;0000;54;;;
211104;0000;46;;;
211105;0000;61;;;
211106;0000;49;;;
211107;0000;38;;;
211108;0000;51;;;
211109;0000;55;;;
211110;0000;62;;;
211111;0000;59;;;
211112;0000;54;;;
211113;0000;27;;;
211114;0000;35;;;
211115;0000;51;;;
211116;0000;52;;;
211117;0000;59;;;
211118;0000;61;;;
211119;0000;60;;;
211120;0000;49;;;
211121;0000;41;;;
211122;0000;52;;;
211123;0000;65;;;
211124;0000;50;;;
211125;0000;50;;;
211126;0000;59;;;
211127;0000;38;;;
211128;0000;41;;;
211129;0000;60;;;
211130;0000;52;;;
211201;0000;54;;;
211202;0000;63;;;
211203;0000;54;;;
211204;0000;52;;;
211205;0000;51;;;
211206;0000;67;;;
211207;0000;66;;;
211208;0000;60;;;
211209;0000;66;;;
211210;0000;65;;;
211211;0000;46;;;
211212;0000;29;;;
211213;0000;54;;;
211214;0000;51;;;
211215;0000;50;;;
211216;0000;;;;
211217;0000;;;;
211218;0000;57;;;
211219;0000;49;;;
211220;0000;59;;;
211221;0000;70;;;
211222;0000;68;;;
211223;0000;51;;;
211224;0000;56;;;
211225;0000;43;;;
211226;0000;45;;;
211227;0000;66;;;
211228;0000;65;;;
211229;0000;53;;;
211230;0000;;59;;
211231;0000;;;;
220101;0000;;;;
220102;0000;;;;
220103;0000;;;;
220104;0000;41;;;
220105;0000;55;;;
220106;0000;66;;;
220107;0000;63;;;
220108;0000;53;;;
220109;0000;37;;;
220110;0000;47;;;
220111;0000;49;;;
220112;0000;59;;;
220113;0000;56;;;
220114;0000;55;;;
220115;0000;43;;;
220116;0000;33;;;
220117;0000;38;;;
220118;0000;50;;;
220119;0000;55;;;
220120;0000;52;;;
220121;0000;54;;;
220122;0000;34;;;
220123;0000;39;;;
220124;0000;60;;;
220125;0000;60;;;
220126;0000;71;;;
220127;0000;64;;;
220128;0000;68;;;
220129;0000;55;;;
220130;0000;46;;;
220131;0000;56;;;
220201;0000;61;;;
220202;0000;57;;;
220203;0000;55;;;
220204;0000;53;;;
220205;0000;39;;;
220206;0000;43;;;
220207;0000;58;;;
220208;0000;58;;;
220209;0000;64;;;
220210;0000;64;;;
220211;0000;63;;;
220212;0000;;;;
220213;0000;;;;
220214;0000;;;;
220215;0000;66;;;
220216;0000;66;;;
220217;0000;67;;;
220218;0000;66;;;
220219;0000;48;;;
220220;0000;42;;;
220221;0000;45;;;
220222;0000;40;;;
220223;0000;34;;;
220224;0000;36;;;
220225;0000;45;;;
220226;0000;45;;;
220227;0000;35;;;
220228;0000;53;;;
220301;0000;62;;;
220302;0000;69;;;
220303;0000;71;;;
220304;0000;61;;;
220305;0000;42;;;
220306;0000;37;;;
220307;0000;49;;;
220308;0000;62;;;
220309;0000;66;;;
220310;0000;64;;;
220311;0000;73;;;
220312;0000;59;;;
220313;0000;53;;;
220314;0000;69;;;
220315;0000;69;;;
220316;0000;;;;
220317;0000;;;;
220318;0000;72;;;
220319;0000;54;;;
220320;0000;56;;;
220321;0000;58;;;
220322;0000;64;;;
220323;0000;59;;;
220324;0000;61;;;
220325;0000;;;;
220326;0000;73;;;
220327;0000;61;;;
220328;0000;67;;;
220329;0000;62;;;
220330;0000;66;;;
220331;0000;68;;;
220401;0000;75;;;
220402;0000;66;;;
220403;0000;45;;;
220404;0000;69;;;
220405;0000;75;;;
220406;0000;71;;;
220407;0000;73;;;
220408;0000;76;;;
220409;0000;47;;;
220410;0000;40;;;
220411;0000;50;;;
220412;0000;69;;;
220413;0000;73;;;
220414;0000;72;;;
220415;0000;65;;;
220416;0000;60;;;
220417;0000;53;;;
220418;0000;77;;;
220419;0000;76;;;
220420;0000;76;;;
220421;0000;78;;;
220422;0000;53;;;
220423;0000;53;;;
220424;0000;38;;;
220425;0000;38;;;
220426;0000;25;;;
220427;0000;22;;;
220428;0000;54;;;
220429;0000;69;;;
220430;0000;65;;;
220501;0000;53;;;
220502;0000;69;;;
220503;0000;67;;;
220504;0000;68;;;
220505;0000;104;;;
220506;0000;70;;;
220507;0000;76;;;
220508;0000;57;;;
220509;0000;87;;;
220510;0000;95;;;
220511;0000;125;;;
220512;0000;113;;;
220513;0000;103;;;
220514;0000;103;;;
220515;0000;44;;;
220516;0000;88;;;
220517;0000;102;;;
220518;0000;112;;;
220519;0000;83;;;
220520;0000;63;;;
220521;0000;53;;;
220522;0000;61;;;
220523;0000;76;;;
220524;0000;68;;;
220525;0000;69;;;
220526;0000;85;;;
220527;0000;117;;;
220528;0000;104;;;
220529;0000;75;;;
220530;0000;77;;;
220531;0000;85;;;
220601;0000;78;;;
220602;0000;57;;;
220603;0000;23;;;
220604;0000;24;;;
220605;0000;19;;;
220606;0000;46;;;
220607;0000;77;;;
220608;0000;72;;;
220609;0000;97;;;
220610;0000;50;;;
220611;0000;53;;;
220612;0000;53;;;
220613;0000;86;;;
220614;0000;101;;;
220615;0000;59;;;
220616;0000;69;;;
220617;0000;73;;;
220618;0000;86;;;
220619;0000;73;;;
220620;0000;90;;;
220621;0000;73;;;
220622;0000;80;;;
220623;0000;29;;;
220624;0000;47;;;
220625;0000;41;;;
220626;0000;65;;;
220627;0000;26;;;
220628;0000;33;;;
220629;0000;53;;;
220630;0000;69;;;
220701;0000;26;;;
220702;0000;34;;;
220703;0000;38;;;
220704;0000;45;;;
220705;0000;60;;;
220706;0000;54;;;
220707;0000;60;;;
220708;0000;46;;;
220709;0000;23;;;
220710;0000;9;;;
220711;0000;14;;;
220712;0000;41;;;
220713;0000;37;;;
220714;0000;;;;
220715;0000;21;;;
220716;0000;19;;;
220717;0000;32;;;
220718;0000;50;;;
220719;0000;66;;;
220720;0000;99;;;
220721;0000;94;;;
220722;0000;89;;;
220723;0000;78;;;
220724;0000;73;;;
220725;0000;70;;;
220726;0000;58;;;
220727;0000;52;;;
220728;0000;62;;;
220729;0000;57;;;
220730;0000;77;;;
220731;0000;66;;;
220801;0000;82;;;
220802;0000;103;;;
220803;0000;77;;;
220804;0000;71;;;
220805;0000;84;;;
220806;0000;47;;;
220807;0000;15;;;
220808;0000;40;;;
220809;0000;37;;;
220810;0000;48;;;
220811;0000;62;;;
220812;0000;51;;;
220813;0000;53;;;
220814;0000;36;;;
220815;0000;11;;;
220816;0000;52;;;
220817;0000;29;;;
220818;0000;61;;;
220819;0000;53;;;
220820;0000;47;;;
220821;0000;58;;;
220822;0000;75;;;
220823;0000;107;;;
220824;0000;97;;;
220825;0000;93;;;
220826;0000;107;;;
220827;0000;83;;;
220828;0000;42;;;
220829;0000;56;;;
220830;0000;70;;;
220831;0000;50;;;
220901;0000;61;;;
220902;0000;77;;;
220903;0000;45;;;
220904;0000;49;;;
220905;0000;60;;;
220906;0000;61;;;
220907;0000;30;;;
220908;0000;17;;;
220909;0000;53;;;
220910;0000;47;;;
220911;0000;24;;;
220912;0000;40;;;
220913;0000;39;;;
220914;0000;53;;;
220915;0000;61;;;
220916;0000;53;;;
220917;0000;35;;;
220918;0000;19;;;
220919;0000;26;;;
220920;0000;24;;;
220921;0000;23;;;
220922;0000;37;;;
220923;0000;56;;;
220924;0000;33;;;
220925;0000;26;;;
220926;0000;41;;;
220927;0000;49;;;
220928;0000;55;;;
220929;0000;67;;;
220930;0000;67;;;
221001;0000;53;;;
221002;0000;40;;;
221003;0000;46;;;
221004;0000;47;;;
221005;0000;33;;;
221006;0000;40;;;
221007;0000;42;;;
221008;0000;20;;;
221009;0000;21;;;
221010;0000;31;;;
221011;0000;63;;;
221012;0000;56;;;
221013;0000;48;;;
221014;0000;50;;;
221015;0000;50;;;
221016;0000;39;;;
221017;0000;41;;;
221018;0000;40;;;
221019;0000;35;;;
221020;0000;33;;;
221021;0000;44;;;
221022;0000;41;;;
221023;0000;37;;;
221024;0000;45;;;
221025;0000;43;;;
221026;0000;32;;;
221027;0000;46;;;
221028;0000;48;;;
221029;0000;40;;;
221030;0000;26;;;
221031;0000;38;;;
221101;0000;38;;;
221102;0000;57;;;
221103;0000;60;;;
221104;0000;70;;;
221105;0000;55;;;
221106;0000;48;;;
221107;0000;59;;;
221108;0000;63;;;
221109;0000;31;;;
221110;0000;37;;;
221111;0000;32;;;
221112;0000;17;;;
221113;0000;16;;;
221114;0000;29;;;
221115;0000;38;;;
221116;0000;45;;;
221117;0000;49;;;
221118;0000;44;;;
221119;0000;38;;;
221120;0000;35;;;
221121;0000;39;;;
221122;0000;53;;;
221123;0000;56;;;
221124;0000;49;;;
221125;0000;51;;;
221126;0000;;;;
221127;0000;;;;
221128;0000;;;;
221129;0000;52;;;
221130;0000;37;;;
221201;0000;44;;;
221202;0000;53;;;
221203;0000;48;;;
221204;0000;39;;;
221205;0000;43;;;
221206;0000;49;;;
221207;0000;51;;;
221208;0000;35;;;
221209;0000;36;;;
221210;0000;38;;;
221211;0000;;;;
221212;0000;;;;
221213;0000;50;;;
221214;0000;53;;;
221215;0000;61;;;
221216;0000;76;;;
221217;0000;53;;;
221218;0000;42;;;
221219;0000;51;;;
221220;0000;43;;;
221221;0000;44;;;
221222;0000;39;;;
221223;0000;45;;;
221224;0000;46;;;
221225;0000;49;;;
221226;0000;52;;;
221227;0000;50;;;
221228;0000;47;;;
221229;0000;65;;;
221230;0000;64;;;
221231;0000;43;;;
230101;0000;34;;;
230102;0000;27;;;
230103;0000;36;;;
230104;0000;50;;;
230105;0000;58;;;
230106;0000;49;;;
230107;0000;47;;;
230108;0000;39;;;
230109;0000;44;;;
230110;0000;42;;;
230111;0000;46;;;
230112;0000;46;;;
230113;0000;45;;;
230114;0000;41;;;
230115;0000;36;;;
230116;0000;53;;;
230117;0000;57;;;
230118;0000;64;;;
230119;0000;59;;;
230120;0000;52;;;
230121;0000;46;;;
230122;0000;42;;;
230123;0000;44;;;
230124;0000;46;;;
230125;0000;44;;;
230126;0000;45;;;
230127;0000;51;;;
230128;0000;49;;;
230129;0000;41;;;
230130;0000;48;;;
230131;0000;50;;;
230201;0000;47;;;
230202;0000;57;;;
230203;0000;71;;;
230204;0000;62;;;
230205;0000;47;;;
230206;0000;74;;;
230207;0000;109;;;
230208;0000;107;;;
230209;0000;114;;;
230210;0000;100;;;
230211;0000;78;;;
230212;0000;65;;;
230213;0000;50;;;
230214;0000;;;;
230215;0000;;;;
230216;0000;55;;;
230217;0000;53;;;
230218;0000;49;;;
230219;0000;34;;;
230220;0000;41;;;
230221;0000;58;;;
230222;0000;65;;;
230223;0000;60;;;
230224;0000;60;;;
230225;0000;47;;;
230226;0000;;;;
230227;0000;;;;
230228;0000;53;;;
230301;0000;62;;;
230302;0000;58;;;
230303;0000;65;;;
230304;0000;61;;;
230305;0000;;;;
230306;0000;;;;
230307;0000;52;;;
230308;0000;43;;;
230309;0000;43;;;
230310;0000;44;;;
230311;0000;41;;;
230312;0000;37;;;
230313;0000;43;;;
230314;0000;47;;;
230315;0000;45;;;
230316;0000;51;;;
230317;0000;61;;;
230318;0000;54;;;
230319;0000;39;;;
230320;0000;53;;;
230321;0000;58;;;
230322;0000;57;;;
230323;0000;61;;;
230324;0000;60;;;
230325;0000;55;;;
230326;0000;55;;;
230327;0000;71;;;
230328;0000;70;;;
230329;0000;60;;;
230330;0000;60;;;
230331;0000;64;;;
230401;0000;51;;;
230402;0000;47;;;
230403;0000;54;;;
230404;0000;63;;;
230405;0000;65;;;
230406;0000;63;;;
230407;0000;49;;;
230408;0000;38;;;
230409;0000;43;;;
230410;0000;59;;;
230411;0000;58;;;
230412;0000;59;;;
230413;0000;47;;;
230414;0000;58;;;
230415;0000;67;;;
230416;0000;51;;;
230417;0000;50;;;
230418;0000;62;;;
230419;0000;65;;;
230420;0000;64;;;
230421;0000;61;;;
230422;0000;69;;;
230423;0000;52;;;
230424;0000;54;;;
230425;0000;60;;;
230426;0000;88;;;
230427;0000;114;;;
230428;0000;103;;;
230429;0000;40;;;
230430;0000;11;;;
230501;0000;24;;;
230502;0000;46;;;
230503;0000;65;;;
230504;0000;87;;;
230505;0000;90;;;
230506;0000;88;;;
230507;0000;63;;;
230508;0000;54;;;
230509;0000;74;;;
230510;0000;80;;;
230511;0000;78;;;
230512;0000;71;;;
230513;0000;63;;;
230514;0000;49;;;
230515;0000;80;;;
230516;0000;82;;;
230517;0000;24;;;
230518;0000;41;;;
230519;0000;64;;;
230520;0000;64;;;
230521;0000;68;;;
230522;0000;39;;;
230523;0000;40;;;
230524;0000;48;;;
230525;0000;55;;;
230526;0000;38;;;
230527;0000;58;;;
230528;0000;65;;;
230529;0000;97;;;
230530;0000;99;;;
230531;0000;91;;;
230601;0000;70;;;
230602;0000;59;;;
230603;0000;49;;;
230604;0000;46;;;
230605;0000;67;;;
230606;0000;89;;;
230607;0000;60;;;
230608;0000;64;;;
230609;0000;23;;;
230610;0000;31;;;
230611;0000;44;;;
230612;0000;48;;;
230613;0000;51;;;
230614;0000;59;;;
230615;0000;67;;;
230616;0000;60;;;
230617;0000;41;;;
230618;0000;44;;;
230619;0000;66;;;
230620;0000;89;;;
230621;0000;62;;;
230622;0000;17;;;
230623;0000;15;;;
230624;0000;23;;;
230625;0000;36;;;
230626;0000;36;;;
230627;0000;53;;;
230628;0000;67;;;
230629;0000;55;;;
230630;0000;61;;;
230701;0000;35;;;
230702;0000;55;;;
230703;0000;47;;;
230704;0000;42;;;
230705;0000;47;;;
230706;0000;56;;;
230707;0000;69;;;
230708;0000;47;;;
230709;0000;49;;;
230710;0000;42;;;
230711;0000;54;;;
230712;0000;11;;;
230713;0000;37;;;
230714;0000;65;;;
230715;0000;94;;;
230716;0000;41;;;
230717;0000;53;;;
230718;0000;52;;;
230719;0000;56;;;
230720;0000;69;;;
230721;0000;72;;;
230722;0000;;;;
230723;0000;;;;
230724;0000;49;;;
230725;0000;41;;;
230726;0000;66;;;
230727;0000;85;;;
230728;0000;69;;;
230729;0000;72;;;
230730;0000;68;;;
230731;0000;78;;;
230801;0000;89;;;
230802;0000;100;;;
230803;0000;78;;;
230804;0000;67;;;
230805;0000;59;;;
230806;0000;49;;;
230807;0000;66;;;
230808;0000;86;;;
230809;0000;99;;;
230810;0000;17;;;
230811;0000;41;;;
230812;0000;58;;;
230813;0000;35;;;
230814;0000;44;;;
230815;0000;43;;;
230816;0000;28;;;
230817;0000;32;;;
230818;0000;40;;;
230819;0000;22;;;
230820;0000;22;;;
230821;0000;33;;;
230822;0000;8;;;
230823;0000;9;;;
230824;0000;24;;;
230825;0000;40;;;
230826;0000;41;;;
230827;0000;34;;;
230828;0000;40;;;
230829;0000;36;;;
230830;0000;45;;;
230831;0000;61;;;
230901;0000;73;;;
230902;0000;46;;;
230903;0000;34;;;
230904;0000;35;;;
230905;0000;;;;
230906;0000;;;;
230907;0000;29;;;
230908;0000;44;;;
230909;0000;55;;;
230910;0000;50;;;
230911;0000;12;;;
230912;0000;33;;;
230913;0000;43;;;
230914;0000;72;;;
230915;0000;49;;;
230916;0000;27;;;
230917;0000;14;;;
230918;0000;43;;;
230919;0000;51;;;
230920;0000;40;;;
230921;0000;39;;;
230922;0000;56;;;
230923;0000;74;;;
230924;0000;46;;;
230925;0000;39;;;
230926;0000;23;;;
230927;0000;43;;;
230928;0000;47;;;
230929;0000;57;;;
230930;0000;53;;;
231001;0000;42;;;
231002;0000;26;;;
231003;0000;22;;;
231004;0000;34;;;
231005;0000;39;;;
231006;0000;42;;;
231007;0000;36;;;
231008;0000;36;;;
231009;0000;31;;;
231010;0000;46;;;
231011;0000;48;;;
231012;0000;47;;;
231013;0000;51;;;
231014;0000;41;;;
231015;0000;33;;;
231016;0000;41;;;
231017;0000;53;;;
231018;0000;39;;;
231019;0000;44;;;
231020;0000;72;;;
231021;0000;83;;;
231022;0000;64;;;
231023;0000;39;;;
231024;0000;49;;;
231025;0000;51;;;
231026;0000;48;;;
231027;0000;40;;;
231028;0000;37;;;
231029;0000;17;;;
231030;0000;26;;;
231031;0000;37;;;
231101;0000;26;;;
231102;0000;20;;;
231103;0000;27;;;
231104;0000;38;;;
231105;0000;37;;;
231106;0000;41;;;
231107;0000;36;;;
231108;0000;38;;;
231109;0000;44;;;
231110;0000;21;;;
231111;0000;25;;;
231112;0000;27;;;
231113;0000;33;;;
231114;0000;37;;;
231115;0000;34;;;
231116;0000;37;;;
231117;0000;36;;;
231118;0000;32;;;
231119;0000;31;;;
231120;0000;33;;;
231121;0000;34;;;
231122;0000;37;;;
231123;0000;42;;;
231124;0000;49;;;
231125;0000;46;;;
231126;0000;43;;;
231127;0000;43;;;
231128;0000;46;;;
231129;0000;41;;;
231130;0000;48;;;
231201;0000;41;;;
231202;0000;34;;;
231203;0000;35;;;
231204;0000;42;;;
231205;0000;42;;;
231206;0000;42;;;
231207;0000;82;;;
231208;0000;83;;;
231209;0000;48;;;
231210;0000;59;;;
231211;0000;59;;;
231212;0000;47;;;
231213;0000;47;;;
231214;0000;50;;;
231215;0000;54;;;
231216;0000;39;;;
231217;0000;23;;;
231218;0000;36;;;
231219;0000;57;;;
231220;0000;80;;;
231221;0000;74;;;
231222;0000;53;;;
231223;0000;44;;;
231224;0000;43;;;
231225;0000;38;;;
231226;0000;53;;;
231227;0000;52;;;
231228;0000;47;;;
231229;0000;50;;;
231230;0000;36;;;
231231;0000;31;;;
240101;0000;34;;;
240102;0000;41;;;
240103;0000;50;;;
240104;0000;56;;;
240105;0000;50;;;
240106;0000;43;;;
240107;0000;28;;;
240108;0000;36;;;
240109;0000;40;;;
240110;0000;47;;;
240111;0000;55;;;
240112;0000;57;;;
240113;0000;53;;;
240114;0000;34;;;
240115;0000;57;;;
240116;0000;37;;;
240117;0000;55;;;
240118;0000;51;;;
240119;0000;56;;;
240120;0000;58;;;
240121;0000;53;;;
240122;0000;55;;;
240123;0000;62;;;
240124;0000;61;;;
240125;0000;63;;;
240126;0000;53;;;
240127;0000;45;;;
240128;0000;44;;;
240129;0000;53;;;
240130;0000;61;;;
240131;0000;53;;;
240201;0000;52;;;
240202;0000;55;;;
240203;0000;49;;;
240204;0000;60;;;
240205;0000;63;;;
240206;0000;56;;;
240207;0000;48;;;
240208;0000;41;;;
240209;0000;43;;;
240210;0000;41;;;
240211;0000;39;;;
240212;0000;45;;;
240213;0000;54;;;
240214;0000;62;;;
240215;0000;60;;;
240216;0000;65;;;
240217;0000;49;;;
240218;0000;41;;;
240219;0000;56;;;
240220;0000;49;;;
240221;0000;45;;;
240222;0000;22;;;
240223;0000;26;;;
240224;0000;32;;;
240225;0000;34;;;
240226;0000;44;;;
240227;0000;45;;;
240228;0000;44;;;
240229;0000;49;;;
240301;0000;55;;;
240302;0000;54;;;
240303;0000;43;;;
240304;0000;54;;;
240305;0000;55;;;
240306;0000;58;;;
240307;0000;48;;;
240308;0000;42;;;
240309;0000;39;;;
240310;0000;41;;;
240311;0000;52;;;
240312;0000;45;;;
240313;0000;47;;;
240314;0000;52;;;
240315;0000;59;;;
240316;0000;53;;;
240317;0000;42;;;
240318;0000;52;;;
240319;0000;62;;;
240320;0000;65;;;
240321;0000;65;;;
240322;0000;52;;;
240323;0000;41;;;
240324;0000;38;;;
240325;0000;49;;;
240326;0000;56;;;
240327;0000;57;;;
240328;0000;52;;;
240329;0000;48;;;
240330;0000;44;;;
240331;0000;34;;;
240401;0000;49;;;
240402;0000;61;;;
240403;0000;79;;;
240404;0000;63;;;
240405;0000;58;;;
240406;0000;49;;;
240407;0000;43;;;
240408;0000;50;;;
240409;0000;59;;;
240410;0000;63;;;
240411;0000;64;;;
240412;0000;71;;;
240413;0000;64;;;
240414;0000;42;;;
240415;0000;20;;;
240416;0000;36;;;
240417;0000;42;;;
240418;0000;55;;;
240419;0000;59;;;
240420;0000;73;;;
240421;0000;61;;;
240422;0000;34;;;
240423;0000;;;;
240424;0000;;;;
240425;0000;48;;;
240426;0000;42;;;
240427;0000;42;;;
240428;0000;57;;;
240429;0000;51;;;
240430;0000;24;;;
240501;0000;25;;;
240502;0000;36;;;
240503;0000;51;;;
240504;0000;47;;;
240505;0000;42;;;
240506;0000;46;;;
240507;0000;;;;
240508;0000;;;;
240509;0000;51;;;
240510;0000;55;;;
240511;0000;53;;;
240512;0000;42;;;
240513;0000;52;;;
240514;0000;70;;;
240515;0000;49;;;
240516;0000;47;;;
240517;0000;49;;;
240518;0000;48;;;
240519;0000;37;;;
240520;0000;21;;;
240521;0000;22;;;
240522;0000;12;;;
240523;0000;16;;;
240524;0000;36;;;
240525;0000;31;;;
240526;0000;38;;;
240527;0000;50;;;
240528;0000;39;;;
240529;0000;73;;;
240530;0000;52;;;
240531;0000;48;;;
240601;0000;46;;;
240602;0000;44;;;
240603;0000;62;;;
240604;0000;63;;;
240605;0000;57;;;
240606;0000;61;;;
240607;0000;52;;;
240608;0000;43;;;
240609;0000;15;;;
240610;0000;30;;;
240611;0000;46;;;
240612;0000;38;;;
240613;0000;8;;;
240614;0000;15;;;
240615;0000;28;;;
240616;0000;36;;;
240617;0000;56;;;
240618;0000;9;;;
240619;0000;18;;;
240620;0000;29;;;
240621;0000;10;;;
240622;0000;7;;;
240623;0000;15;;;
240624;0000;36;;;
240625;0000;30;;;
240626;0000;49;;;
240627;0000;35;;;
240628;0000;63;;;
240629;0000;41;;;
240630;0000;32;;;
240701;0000;35;;;
240702;0000;40;;;
240703;0000;59;;;
240704;0000;74;;;
240705;0000;71;;;
240706;0000;58;;;
240707;0000;68;;;
240708;0000;73;;;
240709;0000;62;;;
240710;0000;59;;;
240711;0000;77;;;
240712;0000;62;;;
240713;0000;50;;;
240714;0000;44;;;
240715;0000;59;;;
240716;0000;61;;;
240717;0000;74;;;
240718;0000;89;;;
240719;0000;97;;;
240720;0000;78;;;
240721;0000;51;;;
240722;0000;46;;;
240723;0000;40;;;
240724;0000;42;;;
240725;0000;52;;;
240726;0000;71;;;
240727;0000;94;;;
240728;0000;69;;;
240729;0000;58;;;
240730;0000;89;;;
240731;0000;109;;;
240801;0000;61;;;
240802;0000;;;;
240803;0000;;;;
240804;0000;48;;;
240805;0000;31;;;
240806;0000;18;;;
240807;0000;47;;;
240808;0000;45;;;
240809;0000;49;;;
240810;0000;52;;;
240811;0000;57;;;
240812;0000;52;;;
240813;0000;65;;;
240814;0000;95;;;
240815;0000;94;;;
240816;0000;81;;;
240817;0000;73;;;
240818;0000;68;;;
240819;0000;75;;;
240820;0000;56;;;
240821;0000;44;;;
240822;0000;24;;;
240823;0000;27;;;
240824;0000;40;;;
240825;0000;28;;;
240826;0000;49;;;
240827;0000;55;;;
240828;0000;69;;;
240829;0000;48;;;
240830;0000;38;;;
240831;0000;43;;;
240901;0000;34;;;
240902;0000;37;;;
240903;0000;44;;;
240904;0000;60;;;
240905;0000;55;;;
240906;0000;60;;;
240907;0000;54;;;
240908;0000;60;;;
240909;0000;54;;;
240910;0000;44;;;
240911;0000;40;;;
240912;0000;47;;;
240913;0000;52;;;
240914;0000;47;;;
240915;0000;37;;;
240916;0000;40;;;
240917;0000;50;;;
240918;0000;40;;;
240919;0000;15;;;
240920;0000;31;;;
240921;0000;33;;;
240922;0000;16;;;
240923;0000;23;;;
240924;0000;34;;;
240925;0000;40;;;
240926;0000;35;;;
240927;0000;56;;;
240928;0000;51;;;
240929;0000;38;;;
240930;0000;39;;;
241001;0000;29;;;
241002;0000;43;;;
241003;0000;53;;;
241004;0000;59;;;
241005;0000;45;;;
241006;0000;41;;;
241007;0000;37;;;
241008;0000;15;;;
241009;0000;29;;;
241010;0000;45;;;
241011;0000;46;;;
241012;0000;47;;;
241013;0000;40;;;
241014;0000;42;;;
241015;0000;52;;;
241016;0000;50;;;
241017;0000;49;;;
241018;0000;57;;;
241019;0000;55;;;
241020;0000;16;;;
241021;0000;31;;;
241022;0000;42;;;
241023;0000;25;;;
241024;0000;35;;;
241025;0000;38;;;
241026;0000;44;;;
241027;0000;44;;;
241028;0000;51;;;
241029;0000;60;;;
241030;0000;56;;;
241031;0000;48;;;
241101;0000;33;;;
241102;0000;32;;;
241103;0000;31;;;
241104;0000;36;;;
241105;0000;43;;;
241106;0000;50;;;
241107;0000;58;;;
241108;0000;56;;;
241109;0000;46;;;
241110;0000;31;;;
241111;0000;35;;;
241112;0000;48;;;
241113;0000;62;;;
241114;0000;65;;;
241115;0000;56;;;
241116;0000;48;;;
241117;0000;43;;;
241118;0000;45;;;
241119;0000;42;;;
241120;0000;54;;;
241121;0000;62;;;
241122;0000;49;;;
241123;0000;50;;;
241124;0000;32;;;
241125;0000;40;;;
241126;0000;47;;;
241127;0000;51;;;
241128;0000;47;;;
241129;0000;51;;;
241130;0000;46;;;
241201;0000;28;;;
241202;0000;41;;;
241203;0000;51;;;
241204;0000;58;;;
241205;0000;44;;;
241206;0000;40;;;
241207;0000;48;;;
241208;0000;35;;;
241209;0000;43;;;
241210;0000;58;;;
241211;0000;57;;;
241212;0000;47;;;
241213;0000;55;;;
241214;0000;49;;;
241215;0000;46;;;
241216;0000;52;;;
241217;0000;54;;;
241218;0000;48;;;
241219;0000;57;;;
241220;0000;70;;;
241221;0000;70;;;
241222;0000;53;;;
241223;0000;59;;;
241224;0000;57;;;
241225;0000;46;;;
241226;0000;49;;;
241227;0000;48;;;
241228;0000;43;;;
241229;0000;40;;;
241230;0000;50;;;
241231;0000;41;;;
